record,speech_level,snr
157321_2305278-lq.mp3,4783.92738920763,0.2645648270845413
157326_2305278-lq.mp3,4195.299024365828,0.26456382125616074
160229_288-lq.mp3,2693.8668850357367,0.26456382125616074
160230_288-lq.mp3,6282.672664541826,0.26456281542778015
160231_288-lq.mp3,6608.544750743617,0.26456180959939957
160232_288-lq.mp3,3164.4113026132673,0.26456281542778015
160233_288-lq.mp3,1918.3616960462787,0.2645648270845413
160234_288-lq.mp3,2028.203155850333,0.26456382125616074
160235_288-lq.mp3,2033.3823307280063,0.26456985622644424
160236_288-lq.mp3,6539.605251416841,0.26453670114278793
160237_288-lq.mp3,1891.1780292502435,0.2645658329129219
160238_288-lq.mp3,2462.5611619376905,0.2645648270845413
160239_288-lq.mp3,2461.2531333057022,0.26456382125616074
160240_288-lq.mp3,3207.8420041298073,0.26456382125616074
178550_2305278-lq.mp3,1163.93852102222,0.26456985622644424
207134_2568776-lq.mp3,1232.1196414817841,0.2645648270845413
207135_2568776-lq.mp3,3259.163222516846,0.26456382125616074
207136_2568776-lq.mp3,1465.960751959939,0.26456382125616074
207137_2568776-lq.mp3,1305.6381756057167,0.2645648270845413
207138_2568776-lq.mp3,1627.6750648022792,0.26456382125616074
207139_2568776-lq.mp3,6228.201630224996,0.2645658329129219
207140_2568776-lq.mp3,1902.644444908886,0.2645658329129219
207141_2568776-lq.mp3,1867.2984927218226,0.2645648270845413
207142_2568776-lq.mp3,2932.8386694326064,0.26457788422703743
207143_2568776-lq.mp3,1019.7407996522085,0.2645668387413025
207144_2568776-lq.mp3,3807.7127384212513,0.2645648270845413
207145_2568776-lq.mp3,6556.42110762553,0.2645648270845413
237770_288-lq.mp3,675.1485974640018,0.2645658329129219
237924_4019029-lq.mp3,2957.4670831346702,0.26456180959939957
237925_4019029-lq.mp3,2787.7877754816027,0.2645236440002918
237926_4019029-lq.mp3,3621.1793846518794,0.2638818323612213
237927_4019029-lq.mp3,5011.098967369546,0.2641911990940571
237928_4019029-lq.mp3,4025.1075332226424,0.26442723348736763
256594_2305278-lq.mp3,576.2763095515824,0.2645658329129219
256596_2305278-lq.mp3,585.2010386916511,0.2645658329129219
268004_2305278-lq.mp3,1867.2548151244396,0.2645658329129219
271444_2305278-lq.mp3,1292.5345698292795,0.2645658329129219
319759_5121236-lq.mp3,2928.0121072071415,0.2645658329129219
324882_2305278-lq.mp3,1521.5521493946526,0.2646019868552685
328948_288-lq.mp3,2910.117995514824,0.26457086205482483
328949_288-lq.mp3,2771.405495691227,0.2645648270845413
342432_321967-lq.mp3,5216.666185919787,0.2645648270845413
360328_5121236-lq.mp3,2289.7039678764986,0.2645648270845413
378388_7020630-lq.mp3,2913.5674551232246,0.2645999751985073
378389_7020630-lq.mp3,2487.177740927043,0.26456382125616074
378390_7020630-lq.mp3,2924.0801125998564,0.2645648270845413
378391_7020630-lq.mp3,1774.6467881992908,0.26489023119211197
378392_7020630-lq.mp3,275.6683585418322,0.2645658329129219
378393_7020630-lq.mp3,4116.236036497522,0.2645658329129219
378394_7020630-lq.mp3,4535.243514166931,0.2645648270845413
378395_7020630-lq.mp3,2566.712579100073,0.2645658329129219
378396_7020630-lq.mp3,2769.514143954727,0.26456382125616074
378397_7020630-lq.mp3,4260.161405586933,0.2645648270845413
378398_7020630-lq.mp3,1657.3436242191929,0.2645658329129219
378399_7020630-lq.mp3,1552.6172856427206,0.2645668387413025
378400_7020630-lq.mp3,1594.6418921715265,0.26457086205482483
378401_7020630-lq.mp3,1642.6599247222696,0.2645648270845413
378402_7020630-lq.mp3,1985.564203430318,0.2645869180560112
405561_5121236-lq.mp3,2465.487717360819,0.2645648270845413
406730_4019029-lq.mp3,487.6885415857682,0.26456180959939957
411419_1719057-lq.mp3,4887.887131762888,0.26456382125616074
416170_2305278-lq.mp3,752.9509542435824,0.2645658329129219
418321_2305278-lq.mp3,1392.8088373635464,0.2645648270845413
418735_2305278-lq.mp3,812.2781836468212,0.2645648270845413
421906_2305278-lq.mp3,947.7072220165954,0.26456382125616074
426470_2305278-lq.mp3,2245.992915244321,0.2645668387413025
426471_2305278-lq.mp3,612.968779307644,0.2645648270845413
426472_2305278-lq.mp3,1119.5684803780152,0.26456382125616074
437064_2305278-lq.mp3,2455.8891330850256,0.2645648270845413
437488_321967-lq.mp3,1654.1673330073177,0.2645648270845413
437528_2305278-lq.mp3,1435.212571004818,0.2645668387413025
439512_2305278-lq.mp3,1904.9231375037339,0.26456382125616074
442285_2305278-lq.mp3,1404.7254952465976,0.26456382125616074
448995_71257-lq.mp3,1882.485595147397,0.2645648270845413
453072_2305278-lq.mp3,886.3839088422358,0.2645658329129219
454707_71257-lq.mp3,7141.863512045143,0.2645648270845413
455472_1719057-lq.mp3,1795.1141499514333,0.2645658329129219
456042_1719057-lq.mp3,2183.2212067291443,0.2645648270845413
457570_6253486-lq.mp3,2279.0413429830032,0.2645648270845413
464509_2568776-lq.mp3,656.8817067367443,0.2645658329129219
464510_2568776-lq.mp3,777.1970429080687,0.2645648270845413
464511_2568776-lq.mp3,1692.9530607737308,0.26456885039806366
464512_2568776-lq.mp3,2335.5497090718695,0.2645658329129219
464513_2568776-lq.mp3,1050.6923255679671,0.2645658329129219
464514_2568776-lq.mp3,898.1567781026118,0.26456281542778015
464515_2568776-lq.mp3,630.2759985375394,0.2645648270845413
464516_2568776-lq.mp3,523.0391017549941,0.2645648270845413
464517_2568776-lq.mp3,2335.5497090718695,0.2645658329129219
468209_9931663-lq.mp3,1892.723604713279,0.2645678445696831
469111_9634718-lq.mp3,2828.2295544132594,0.26456382125616074
469153_9634718-lq.mp3,4692.699336515881,0.2645658329129219
469154_9634718-lq.mp3,3467.9676327112775,0.2645648270845413
469155_9634718-lq.mp3,2890.6523789849007,0.2645658329129219
469156_9634718-lq.mp3,1176.0504873935388,0.2645648270845413
469157_9634718-lq.mp3,3068.489865666376,0.2645648270845413
469158_9634718-lq.mp3,600.4168102240508,0.2645648270845413
469159_9634718-lq.mp3,2029.1719081005992,0.2645648270845413
469160_9634718-lq.mp3,2863.066274158645,0.2645648270845413
469161_9634718-lq.mp3,1175.2527261270259,0.2645658329129219
469162_9634718-lq.mp3,2112.58094713898,0.2645658329129219
469163_9634718-lq.mp3,1236.4685068069728,0.2645648270845413
469164_9634718-lq.mp3,1251.4312383775919,0.2645648270845413
469165_9634718-lq.mp3,1179.420759805106,0.2645648270845413
469166_9634718-lq.mp3,1720.63513570972,0.2645648270845413
472176_9634718-lq.mp3,1389.386946223553,0.2645648270845413
479057_4019029-lq.mp3,325.5123681063994,0.2645658329129219
482120_71257-lq.mp3,4202.058652249112,0.264543741941452
482121_71257-lq.mp3,4524.119829262626,0.264437273144722
482122_71257-lq.mp3,5607.111553231315,0.2645658329129219
482134_71257-lq.mp3,4706.365278246268,0.26231674477458
482368_6253486-lq.mp3,1143.6466995395413,0.26456382125616074
484268_5121236-lq.mp3,2112.1373849976994,0.26452967897057533
484269_5121236-lq.mp3,2668.554997944617,0.2645648270845413
484270_5121236-lq.mp3,5006.2743464308805,0.2645648270845413
484344_5121236-lq.mp3,2450.4663584524055,0.2645658329129219
484470_5121236-lq.mp3,5663.54898852317,0.2645648270845413
484659_5121236-lq.mp3,2539.4631266352876,0.2645648270845413
484763_5121236-lq.mp3,2425.6870786522577,0.2645648270845413
485009_5121236-lq.mp3,1983.7871699794177,0.2645648270845413
485076_5121236-lq.mp3,142.84691703726736,0.2645648270845413
485355_5121236-lq.mp3,5260.71902283247,0.2645045705139637
485420_5121236-lq.mp3,3093.2233378182036,0.2645678445696831
485621_5121236-lq.mp3,1727.589142825637,0.2645658329129219
488327_321967-lq.mp3,6011.4292174124985,0.26456180959939957
501346_4019029-lq.mp3,2569.7826810729657,0.2645648270845413
502601_321967-lq.mp3,1280.7348063840118,0.2645648270845413
503832_4019029-lq.mp3,1271.217285762768,0.2645668387413025
504686_4019029-lq.mp3,1307.4215080751094,0.2645658329129219
504687_4019029-lq.mp3,1549.855390988841,0.26456382125616074
504871_321967-lq.mp3,1530.3073384014017,0.2645648270845413
514061_5828667-lq.mp3,4189.5924553416535,0.2645658329129219
514062_5828667-lq.mp3,733.8568135082185,0.2645658329129219
516854_321967-lq.mp3,1228.8520309637079,0.2645648270845413
517267_4019029-lq.mp3,853.338754846989,0.2645668387413025
517298_5828667-lq.mp3,5800.517377984663,0.2645658329129219
517299_5828667-lq.mp3,6266.518376125064,0.2645648270845413
518968_2825189-lq.mp3,2744.435300097545,0.26456281542778015
519098_2825189-lq.mp3,900.4539931269326,0.26456382125616074
519189_5121236-lq.mp3,2401.7525446416766,0.2645658329129219
519225_2825189-lq.mp3,1884.7636415629102,0.2645648270845413
519237_2825189-lq.mp3,1580.1535954414464,0.26456180959939957
520056_5828667-lq.mp3,1014.0078140058628,0.2645648270845413
521988_4019029-lq.mp3,1438.7300545256608,0.2645658329129219
523365_6142149-lq.mp3,1560.8239970524974,0.2645588107407093
524743_4019029-lq.mp3,1513.835974620491,0.2645658329129219
529340_9453283-lq.mp3,682.4131046924603,0.2645658329129219
529480_9453283-lq.mp3,2588.467596174273,0.264614038169384
530063_4019029-lq.mp3,2265.846468985584,0.26456382125616074
530064_4019029-lq.mp3,1755.5979437966016,0.2645658329129219
530065_4019029-lq.mp3,2769.668515514929,0.26456281542778015
530619_9453283-lq.mp3,4195.594106526273,0.2645648270845413
535357_10912485-lq.mp3,1643.986931945678,0.2645648270845413
536076_10912485-lq.mp3,1417.4845476837668,0.26456382125616074
538909_9931663-lq.mp3,1622.2396644946496,0.2645668387413025
538910_9931663-lq.mp3,1602.0020074520849,0.2645648270845413
538911_9931663-lq.mp3,1611.5411705628585,0.2645658329129219
546174_9453283-lq.mp3,2592.9348376300836,0.2648119069635868
547113_9453283-lq.mp3,498.7522812822503,0.2645658329129219
553871_71257-lq.mp3,620.8566167902026,0.2645648270845413
554782_9453283-lq.mp3,1088.2244206858545,0.2645658329129219
554783_9453283-lq.mp3,1019.7526200548871,0.2645648270845413
557513_5828667-lq.mp3,1076.850307304122,0.2645648270845413
557514_5828667-lq.mp3,1005.1671888079424,0.2645648270845413
557515_5828667-lq.mp3,1108.5217249032662,0.2645648270845413
563012_6253486-lq.mp3,3985.9977479086074,0.2645668387413025
563016_6253486-lq.mp3,1385.1598891588499,0.26456382125616074
563764_6253486-lq.mp3,4378.154369735451,0.2645658329129219
563765_6253486-lq.mp3,1964.2565524749818,0.2645658329129219
563766_6253486-lq.mp3,2836.685918393506,0.2645668387413025
565449_5828667-lq.mp3,1317.2154913680151,0.2645648270845413
565450_5828667-lq.mp3,1505.1933987952361,0.26456382125616074
565451_5828667-lq.mp3,1754.0352093809745,0.2645658329129219
571483_9453283-lq.mp3,2996.8076726890185,0.2625287137925625
573189_5121236-lq.mp3,4395.42079827806,0.2645678445696831
575658_2305278-lq.mp3,1103.1572727758737,0.2645668387413025
57701_712494-lq.mp3,1500.9780993733068,0.2645648270845413
57702_712494-lq.mp3,232.405615085886,0.2645648270845413
57703_712494-lq.mp3,394.58947764134757,0.2645658329129219
57704_712494-lq.mp3,246.2291454837045,0.26456382125616074
57705_712494-lq.mp3,197.59824890185868,0.26456382125616074
577068_71257-lq.mp3,1843.4995545056745,0.2645588107407093
57706_712494-lq.mp3,169.5024624555721,0.2645648270845413
57707_712494-lq.mp3,163.93487030778596,0.2645658329129219
57708_712494-lq.mp3,4683.9819055766375,0.2645648270845413
57709_712494-lq.mp3,3859.0863093508974,0.2645648270845413
57710_712494-lq.mp3,3140.871427012729,0.2645658329129219
57711_712494-lq.mp3,1416.2762680650062,0.2645658329129219
57712_712494-lq.mp3,3135.740360860954,0.2645648270845413
57713_712494-lq.mp3,3839.9993991485358,0.2645648270845413
585571_2305278-lq.mp3,854.2852287813456,0.2645648270845413
585573_2305278-lq.mp3,1430.8970216482114,0.2645658329129219
586914_5828667-lq.mp3,1806.562605689035,0.26456382125616074
586915_5828667-lq.mp3,971.9336079459896,0.2645648270845413
60013_71257-lq.mp3,1247.7489855959507,0.2645658329129219
608240_5828667-lq.mp3,112.7666715937134,0.2645648270845413
608241_5828667-lq.mp3,127.67998135940185,0.2645658329129219
608243_5828667-lq.mp3,104.85710082949963,0.26456382125616074
608245_5828667-lq.mp3,110.23052532176055,0.26456382125616074
610115_9453283-lq.mp3,808.3215395027773,0.2645678445696831
610546_71257-lq.mp3,3818.0632841042784,0.2645648270845413
610547_71257-lq.mp3,2241.7827314566916,0.2645648270845413
61209_712494-lq.mp3,291.86700953462866,0.2645658329129219
612639_5828667-lq.mp3,109.02632921020756,0.2645648270845413
612640_5828667-lq.mp3,113.83508616012539,0.2645668387413025
612641_5828667-lq.mp3,128.56921156212042,0.2645658329129219
612642_5828667-lq.mp3,143.88710960702969,0.2645648270845413
612643_5828667-lq.mp3,183.22062192639734,0.2645658329129219
614530_71257-lq.mp3,2349.526768175029,0.26456180959939957
614810_321967-lq.mp3,2126.1286014617435,0.2645648270845413
614938_5828667-lq.mp3,453.7371193455813,0.2645658329129219
615518_9453283-lq.mp3,3295.854248148731,0.2645648270845413
620529_9453283-lq.mp3,1437.2643109271235,0.2645658329129219
622236_71257-lq.mp3,3288.7751365995546,0.2645678445696831
622237_71257-lq.mp3,3973.9288946468973,0.2645678445696831
623056_9453283-lq.mp3,1806.2290848514347,0.2645648270845413
625345_12579677-lq.mp3,2060.071620383807,0.2645668387413025
626197_12579677-lq.mp3,1417.790323422895,0.26456281542778015
628839_321967-lq.mp3,3534.002179773986,0.2645658329129219
631769_321967-lq.mp3,3076.905489096953,0.2645658329129219
633141_10912485-lq.mp3,1897.710392020686,0.26456382125616074
633816_321967-lq.mp3,3127.933370012973,0.2645648270845413
634365_10912485-lq.mp3,2653.1514735765136,0.2645658329129219
639091_9453283-lq.mp3,229.60814241389306,0.2645648270845413
640946_1719057-lq.mp3,904.2081475179122,0.26456180959939957
641639_5223-lq.mp3,2679.135667797312,0.2645648270845413
641755_5674468-lq.mp3,557.118816578642,0.2645648270845413
642368_5674468-lq.mp3,665.7866845052512,0.2645648270845413
644491_5674468-lq.mp3,579.8843569874351,0.2645648270845413
646029_5674468-lq.mp3,681.4661791531146,0.2645668387413025
646937_10912485-lq.mp3,1049.325831073236,0.26456382125616074
646938_10912485-lq.mp3,2008.4931266509477,0.26456382125616074
647148_10912485-lq.mp3,1485.7753157374964,0.26456382125616074
647149_10912485-lq.mp3,2819.065158764422,0.26457086205482483
648155_10912485-lq.mp3,137.99088573728707,0.2645648270845413
650829_5121236-lq.mp3,1759.2401072946107,0.26456281542778015
651874_5223-lq.mp3,2196.679814699029,0.26456180959939957
652467_5674468-lq.mp3,572.2022973317617,0.2645648270845413
652687_5674468-lq.mp3,585.7313415727032,0.2645678445696831
652698_5223-lq.mp3,3006.6405752782885,0.26456382125616074
654666_5674468-lq.mp3,509.3844696025907,0.2645648270845413
654671_5674468-lq.mp3,507.53589061047677,0.2645668387413025
656660_5674468-lq.mp3,467.67783712446453,0.2645648270845413
656816_5674468-lq.mp3,493.49176963611484,0.2645658329129219
660950_5674468-lq.mp3,417.7660310790005,0.2645648270845413
661227_5674468-lq.mp3,417.6747712897009,0.2645658329129219
663271_12637308-lq.mp3,3181.6429931796383,0.26456281542778015
664191_12637308-lq.mp3,348.2767878721845,0.2645678445696831
666208_12637308-lq.mp3,3553.3449904575477,0.26456382125616074
666980_12637308-lq.mp3,771.4643433963396,0.2645648270845413
668244_10912485-lq.mp3,423.52107727057006,0.2645648270845413
668245_10912485-lq.mp3,546.363971578166,0.2645658329129219
668246_10912485-lq.mp3,1597.5490705394366,0.2645648270845413
668272_10912485-lq.mp3,886.6937461521718,0.26456382125616074
668597_12637308-lq.mp3,116.17653718300456,0.26456382125616074
668965_5828667-lq.mp3,4263.186220865634,0.2645658329129219
670496_9453283-lq.mp3,1648.5362992198975,0.26456382125616074
670681_14597403-lq.mp3,286.96232114253047,0.2645658329129219
670682_14597403-lq.mp3,282.9074041579231,0.2645648270845413
671181_14597403-lq.mp3,1193.4737996522142,0.2648681402206421
671182_14597403-lq.mp3,1591.5084780867537,0.2645809017121792
671183_14597403-lq.mp3,1262.4812340449535,0.2645929530262947
671963_14597403-lq.mp3,1107.9549266532442,0.2645648270845413
671964_14597403-lq.mp3,862.2401092107226,0.2645648270845413
671965_14597403-lq.mp3,1550.4909758786225,0.2645658329129219
673473_14597403-lq.mp3,584.1095268272541,0.2645648270845413
674182_14597403-lq.mp3,1260.2008814982485,0.26456382125616074
674183_14597403-lq.mp3,1046.6653788457118,0.26456281542778015
674728_5223-lq.mp3,2366.4153002233356,0.26456180959939957
674746_10912485-lq.mp3,740.2452978404866,0.2645658329129219
676649_5674468-lq.mp3,521.8786208107133,0.2645658329129219
676694_5674468-lq.mp3,548.0885338141022,0.2645658329129219
676902_12579677-lq.mp3,1826.1359930378665,0.26456382125616074
676957_12637308-lq.mp3,1385.448054177878,0.2645658329129219
677376_14597403-lq.mp3,1144.2558252186177,0.26456281542778015
677524_12579677-lq.mp3,1798.1907185630762,0.2645648270845413
677636_12637308-lq.mp3,3381.2354876108043,0.2645668387413025
67773_712494-lq.mp3,8190.760370992527,0.2642594836652279
67774_712494-lq.mp3,431.4865470510367,0.2645648270845413
677752_12637308-lq.mp3,878.5997860814081,0.2645668387413025
678689_12637308-lq.mp3,1415.7711537882826,0.2645648270845413
678937_14597403-lq.mp3,809.5887794863427,0.26456885039806366
678938_14597403-lq.mp3,918.5014145380378,0.2645939588546753
679536_14597403-lq.mp3,90.14011709896486,0.26457687839865685
679537_14597403-lq.mp3,717.4361121877428,0.26456382125616074
679538_14597403-lq.mp3,1883.7748248115097,0.26459094136953354
679539_14597403-lq.mp3,475.6869394195078,0.26456885039806366
679540_14597403-lq.mp3,367.45362634260516,0.26456885039806366
679733_12637308-lq.mp3,120.5931809101069,0.2645658329129219
680152_6253486-lq.mp3,3094.572805198022,0.2645658329129219
680153_6253486-lq.mp3,4677.286471786986,0.26456180959939957
680154_6253486-lq.mp3,3075.694944086871,0.26456885039806366
680155_6253486-lq.mp3,3933.2009969056044,0.2645648270845413
680156_6253486-lq.mp3,3050.0197699732134,0.26456382125616074
681178_12637308-lq.mp3,212.06994443513364,0.2645678445696831
682499_1648170-lq.mp3,911.9962284531349,0.2645588107407093
682532_1648170-lq.mp3,1226.3497443279919,0.26456885039806366
682990_9453283-lq.mp3,4122.030808096667,0.2645668387413025
683011_12637308-lq.mp3,924.4292705997291,0.2645728550851345
683096_6253486-lq.mp3,1268.2381850044737,0.2645648270845413
683097_6253486-lq.mp3,1935.8524072145165,0.2645648270845413
683098_6253486-lq.mp3,871.3249920978101,0.2645648270845413
683099_6253486-lq.mp3,2715.7216077913954,0.2645648270845413
683100_6253486-lq.mp3,1320.6741637600821,0.2645648270845413
683101_6253486-lq.mp3,1509.1082450718986,0.2645648270845413
683102_6253486-lq.mp3,1965.5026621619306,0.2645648270845413
683321_6253486-lq.mp3,1464.6376815502044,0.2645648270845413
683322_6253486-lq.mp3,1464.4886509559221,0.2645658329129219
683645_1648170-lq.mp3,1613.7702029300456,0.2645597979426384
684547_5223-lq.mp3,2302.084565619584,0.26456885039806366
684902_5223-lq.mp3,1986.547356272335,0.2645648270845413
686105_71257-lq.mp3,1962.4341554772375,0.2645658329129219
686805_14597403-lq.mp3,2290.798874205394,0.26467831805348396
686806_14597403-lq.mp3,375.43419486008946,0.26456382125616074
686807_14597403-lq.mp3,1175.291012574827,0.26458490639925003
686808_14597403-lq.mp3,1478.324795067412,0.26459796354174614
686809_14597403-lq.mp3,979.1576033112485,0.2645668387413025
686810_14597403-lq.mp3,981.0905048283103,0.2645668387413025
686811_14597403-lq.mp3,1180.3521475851387,0.26456885039806366
687125_1648170-lq.mp3,1842.0028370927266,0.2645648270845413
687374_14597403-lq.mp3,1202.5732166081011,0.26456281542778015
688765_71257-lq.mp3,3533.5307295756247,0.2645648270845413
690704_12637308-lq.mp3,34.81833557744358,0.2645658329129219
692882_5223-lq.mp3,1798.6614502183477,0.26456885039806366
693609_12637308-lq.mp3,808.2337864221028,0.2645738609135151
696049_12637308-lq.mp3,634.3847510549526,0.26456281542778015
697083_15090270-lq.mp3,1019.7939790280562,0.26456382125616074
698080_1648170-lq.mp3,1961.5067623874656,0.2645588107407093
698099_15090270-lq.mp3,542.1095114052584,0.2645648270845413
698191_4037248-lq.mp3,2436.599085962496,0.26456382125616074
698943_15090270-lq.mp3,564.270398119758,0.26456281542778015
699211_15090270-lq.mp3,1181.7446555243973,0.2645668387413025
699213_15090270-lq.mp3,689.6162168251461,0.2645658329129219
699878_1648170-lq.mp3,3035.074757640648,0.2645648270845413
700897_7037-lq.mp3,549.6032870695659,0.26456382125616074
701232_15090270-lq.mp3,816.6970434938331,0.2645668387413025
701233_15090270-lq.mp3,632.9404875094634,0.2645648270845413
701620_321967-lq.mp3,2478.8936425706866,0.2645658329129219
702092_7037-lq.mp3,680.9824308665919,0.2645678445696831
702352_321967-lq.mp3,4543.991477090617,0.2645648270845413
702479_7037-lq.mp3,1724.5783672395937,0.2645648270845413
702480_7037-lq.mp3,1500.8616496339907,0.2645648270845413
702515_321967-lq.mp3,1847.1768659990685,0.2645648270845413
702571_4019029-lq.mp3,861.7467218046222,0.2645668387413025
702572_4019029-lq.mp3,1455.7695259030093,0.2645658329129219
702575_4019029-lq.mp3,2273.6797557938276,0.26456281542778015
702864_15090270-lq.mp3,1134.6697872705631,0.2645648270845413
702885_321967-lq.mp3,2075.057727220175,0.2645648270845413
702908_5828667-lq.mp3,6799.946190182572,0.26459094136953354
702910_7037-lq.mp3,841.1374477103896,0.2645668387413025
703306_321967-lq.mp3,2677.806659722674,0.2645648270845413
703314_7037-lq.mp3,2899.8279132211483,0.264560803771019
703348_7037-lq.mp3,1776.0228715727185,0.26457086205482483
703349_7037-lq.mp3,1953.761631515808,0.2645668387413025
703478_15090270-lq.mp3,669.5371385599695,0.2645648270845413
703572_5223-lq.mp3,2193.3995197216077,0.26456382125616074
703810_321967-lq.mp3,1912.4022512333759,0.2645658329129219
703887_6142149-lq.mp3,1865.353118238747,0.2645648270845413
703888_6142149-lq.mp3,4789.5183286487445,0.2645658329129219
704427_321967-lq.mp3,1896.16020956016,0.2645648270845413
704605_6142149-lq.mp3,2214.2119379271808,0.2645648270845413
704606_6142149-lq.mp3,1994.3341075194319,0.2645658329129219
704607_6142149-lq.mp3,1946.9290907467532,0.2645658329129219
704608_6142149-lq.mp3,2217.7126750302277,0.2645648270845413
704609_6142149-lq.mp3,2970.7926324140394,0.2645648270845413
704610_6142149-lq.mp3,1287.74856205078,0.26456382125616074
704612_6142149-lq.mp3,4727.394124873966,0.2645648270845413
704865_5223-lq.mp3,2318.104031267179,0.26456180959939957
705004_5223-lq.mp3,2724.8778696407817,0.2645668387413025
705274_321967-lq.mp3,3841.9136985558944,0.2645648270845413
705314_5223-lq.mp3,2094.5526015547066,0.26456180959939957
705763_5223-lq.mp3,2540.578511555139,0.2645648270845413
705783_5828667-lq.mp3,6212.726881359769,0.2645648270845413
705948_6142149-lq.mp3,249.18405671332368,0.2645668387413025
705949_6142149-lq.mp3,1118.4579338425358,0.2645668387413025
705950_6142149-lq.mp3,2096.916934696727,0.26456281542778015
705951_6142149-lq.mp3,4709.79226401127,0.2645658329129219
705952_6142149-lq.mp3,3919.5186897732992,0.2645648270845413
706077_321967-lq.mp3,1434.0443994402626,0.2645648270845413
706178_5223-lq.mp3,1774.5113250868455,0.26456382125616074
706245_1648170-lq.mp3,1234.9113881510625,0.2645658329129219
706338_5223-lq.mp3,2236.263742189176,0.26456281542778015
706494_1648170-lq.mp3,1427.5209451190935,0.26456382125616074
706533_10152894-lq.mp3,1095.9582669735398,0.2645658329129219
706534_10152894-lq.mp3,1569.4639529898839,0.2645588107407093
706603_5223-lq.mp3,1780.3105836852385,0.2645658329129219
706748_321967-lq.mp3,1755.4239103309062,0.2645648270845413
706927_5223-lq.mp3,1726.6562673040717,0.26456985622644424
707114_1648170-lq.mp3,1327.0478691655258,0.2645648270845413
707241_1089955-lq.mp3,1838.633129322346,0.2645648270845413
707243_1089955-lq.mp3,1998.0963097234737,0.2645658329129219
707590_6142149-lq.mp3,444.8743148489699,0.2645658329129219
707687_321967-lq.mp3,1412.6768371744454,0.2645597979426384
707892_1089955-lq.mp3,1536.3752446461465,0.2645658329129219
707893_1089955-lq.mp3,542.6777927371729,0.2645648270845413
707894_1089955-lq.mp3,702.7900796344757,0.2645668387413025
707895_1089955-lq.mp3,962.4161930605837,0.2645648270845413
707967_1089955-lq.mp3,752.4847203919323,0.2645648270845413
708190_1089955-lq.mp3,1375.1571994659225,0.2645648270845413
708266_321967-lq.mp3,1469.852233745127,0.2645648270845413
708267_5223-lq.mp3,1665.6067145743427,0.2645648270845413
708571_10152894-lq.mp3,2154.047770213171,0.26457086205482483
708575_10152894-lq.mp3,2127.977270633544,0.26456281542778015
708578_10152894-lq.mp3,3728.3434510630777,0.2645648270845413
708589_10152894-lq.mp3,1748.3334737632138,0.26457086205482483
709035_7037-lq.mp3,612.0656159407467,0.264560803771019
709115_1089955-lq.mp3,1236.1115118028283,0.2645588107407093
709172_12187251-lq.mp3,3823.387059311938,0.2645648270845413
709176_12187251-lq.mp3,1781.0780469142398,0.2645658329129219
709194_12187251-lq.mp3,4076.4055429973837,0.26355838403105736
709195_12187251-lq.mp3,5465.197467468605,0.26456281542778015
709199_12187251-lq.mp3,531.7106077648602,0.2645648270845413
709212_12187251-lq.mp3,336.0415055713883,0.26456180959939957
709213_12187251-lq.mp3,3483.6540104933397,0.26450756937265396
709278_12187251-lq.mp3,4585.164869202672,0.2859687991440296
709289_12187251-lq.mp3,891.3011833942124,0.2645648270845413
709296_12187251-lq.mp3,960.5160084667866,0.2645648270845413
709305_9034501-lq.mp3,2516.3173010504424,0.2645678445696831
709341_5828667-lq.mp3,111.35479432397467,0.26456180959939957
709422_4037248-lq.mp3,1009.9858750189205,0.2645728550851345
709450_10152894-lq.mp3,2393.145974828354,0.264560803771019
709477_10152894-lq.mp3,2595.7447899717936,0.2645748667418957
709478_10152894-lq.mp3,2259.3160414136655,0.26456985622644424
709482_9034501-lq.mp3,2448.4690519810815,0.26456985622644424
709655_9034501-lq.mp3,2595.3576468295873,0.2645678445696831
709722_5828667-lq.mp3,818.3662769567665,0.26456281542778015
709883_15101941-lq.mp3,892.697260160076,0.2645648270845413
709885_15101941-lq.mp3,900.2096429846684,0.2645648270845413
709886_15101941-lq.mp3,1616.0514329776672,0.2645648270845413
709908_321967-lq.mp3,1235.4866300130611,0.2645658329129219
709924_9034501-lq.mp3,2434.792923105559,0.2645648270845413
709976_15101941-lq.mp3,3094.9627031190366,0.26456382125616074
709977_15101941-lq.mp3,2592.883067188718,0.26456382125616074
709978_15101941-lq.mp3,4005.5364623031705,0.26452867314219475
709979_15101941-lq.mp3,3616.3119725862975,0.26456382125616074
709980_15101941-lq.mp3,5040.558698526975,0.2645648270845413
710008_4037248-lq.mp3,1361.2419045171519,0.264560803771019
710009_4037248-lq.mp3,1152.8079192565458,0.26456180959939957
710010_4037248-lq.mp3,1298.9773598814722,0.26456985622644424
710011_4037248-lq.mp3,1192.255476684847,0.26456281542778015
710012_4037248-lq.mp3,1287.727383692562,0.2645658329129219
710013_4037248-lq.mp3,1114.205302446449,0.2645648270845413
710014_4037248-lq.mp3,1296.0617445739788,0.26456180959939957
710015_4037248-lq.mp3,2954.994736795539,0.2645648270845413
710028_1089955-lq.mp3,1450.3702802785874,0.26456382125616074
710073_4037248-lq.mp3,2316.7448532599406,0.26456180959939957
710105_9034501-lq.mp3,1783.6920179545423,0.26456382125616074
710108_12187251-lq.mp3,1023.6485115436127,0.26456885039806366
710113_12187251-lq.mp3,1507.0978180363754,0.26456885039806366
710167_12187251-lq.mp3,4015.7185103611146,0.2645678445696831
710172_12187251-lq.mp3,4153.056870408347,0.26456885039806366
710184_7037-lq.mp3,572.1819365388642,0.26456885039806366
710233_5828667-lq.mp3,5558.104530146467,0.26456985622644424
710273_7037-lq.mp3,754.3352172438197,0.2645668387413025
710378_9034501-lq.mp3,1556.8088196465712,0.2645648270845413
710557_9034501-lq.mp3,1513.1264487523745,0.2645648270845413
710595_1089955-lq.mp3,887.4930788704286,0.26456281542778015
710760_9034501-lq.mp3,2968.6418555308455,0.2645648270845413
710926_1648170-lq.mp3,1203.0267056948778,0.2645648270845413
710988_1015240-lq.mp3,2544.0404850106265,0.2645648270845413
710999_9034501-lq.mp3,1280.7943754567746,0.2645658329129219
711045_1015240-lq.mp3,3614.721214141646,0.26456180959939957
711059_5828667-lq.mp3,2991.9541448964806,0.2645648270845413
711069_8698658-lq.mp3,845.4779220394893,0.26456382125616074
711070_8698658-lq.mp3,1736.065771212223,0.2645648270845413
711071_8698658-lq.mp3,407.94112014206837,0.2645658329129219
711082_1015240-lq.mp3,2704.9176537930216,0.2645738609135151
711123_8698658-lq.mp3,554.995936468902,0.2645648270845413
711130_5828667-lq.mp3,877.9268632672809,0.2645658329129219
711131_5828667-lq.mp3,711.6312477583556,0.2645648270845413
711132_5828667-lq.mp3,1329.2466572531987,0.26456382125616074
711133_5828667-lq.mp3,1096.1976719292225,0.2645668387413025
711134_5828667-lq.mp3,1706.598129002719,0.2645658329129219
711146_15412548-lq.mp3,582.504307520446,0.26456382125616074
711147_15412548-lq.mp3,857.8665437812267,0.2645658329129219
711152_15412548-lq.mp3,657.0042119273704,0.2645668387413025
711155_15412548-lq.mp3,1324.4637118592696,0.2645658329129219
711169_1015240-lq.mp3,2953.7521855137543,0.2645648270845413
711170_9034501-lq.mp3,1307.7672908116704,0.2645648270845413
711194_1015240-lq.mp3,399.34744395314624,0.2645648270845413
711195_1648170-lq.mp3,1512.006266851657,0.2645648270845413
711211_1648170-lq.mp3,1128.9711500935489,0.2645597979426384
711236_5828667-lq.mp3,959.9748123515191,0.2645658329129219
711245_7037-lq.mp3,611.8636083881631,0.2645728550851345
711246_1015240-lq.mp3,2439.7199631058456,0.2645648270845413
711267_321967-lq.mp3,787.9026994607166,0.2645658329129219
711275_15403889-lq.mp3,1118.535292349016,0.2645648270845413
711276_15412548-lq.mp3,1037.8195419082488,0.26456382125616074
711277_15412548-lq.mp3,565.0364327866594,0.2645658329129219
711278_15412548-lq.mp3,572.3923835649485,0.2645678445696831
711279_15412548-lq.mp3,832.827109308662,0.2645648270845413
711280_15412548-lq.mp3,867.8491415213973,0.2645668387413025
711281_5828667-lq.mp3,1918.3405549116087,0.2645648270845413
711283_9034501-lq.mp3,1755.3884808448968,0.2645658329129219
711284_1648170-lq.mp3,2418.8022161461063,0.2645678445696831
711318_5223-lq.mp3,2624.25060588667,0.2645678445696831
711326_1015240-lq.mp3,482.3239404944976,0.2645648270845413
711348_1648170-lq.mp3,3086.9663822082216,0.26455478742718697
711457_1648170-lq.mp3,1431.6455880781004,0.2645658329129219
711483_15412548-lq.mp3,561.3308412933761,0.2645648270845413
711484_15412548-lq.mp3,841.7018141560592,0.264560803771019
711485_15412548-lq.mp3,443.592039214226,0.26456885039806366
711486_15412548-lq.mp3,678.6196978411198,0.2645658329129219
711487_15412548-lq.mp3,497.9669855033892,0.2645648270845413
711488_15412548-lq.mp3,348.586006000247,0.26456382125616074
711490_15403889-lq.mp3,843.3152554983427,0.26456281542778015
711492_15403889-lq.mp3,567.4983114261747,0.2645648270845413
711493_15403889-lq.mp3,444.12459812387596,0.2645658329129219
711494_15403889-lq.mp3,686.9974128677966,0.26456382125616074
711495_15403889-lq.mp3,511.90080175108494,0.2645648270845413
711496_15403889-lq.mp3,356.3088775261171,0.2645648270845413
711516_1015240-lq.mp3,1442.8988242462408,0.2645658329129219
711517_1648170-lq.mp3,2060.3963842312005,0.26456985622644424
711561_5674468-lq.mp3,709.695327794283,0.2645648270845413
711563_5674468-lq.mp3,843.7847279798851,0.26456382125616074
711630_5674468-lq.mp3,675.0080270416994,0.2645658329129219
711631_1648170-lq.mp3,2408.2652303394766,0.2645658329129219
711635_15090270-lq.mp3,843.104349026363,0.26456180959939957
711636_15090270-lq.mp3,444.08489491443004,0.26456382125616074
711637_15090270-lq.mp3,568.7327841199542,0.2645658329129219
711638_15090270-lq.mp3,685.7407446919311,0.2645648270845413
711639_15090270-lq.mp3,511.0576809615002,0.2645648270845413
711640_15090270-lq.mp3,356.4112028199777,0.26456281542778015
711641_12637308-lq.mp3,3186.3994309529753,0.2645648270845413
711642_12637308-lq.mp3,32.3422053238695,0.2645678445696831
711643_12637308-lq.mp3,826.2779905206985,0.2645678445696831
711647_12637308-lq.mp3,3489.123793210193,0.26456382125616074
711660_15403889-lq.mp3,1022.3719491062054,0.26456382125616074
711662_15403889-lq.mp3,633.9396769052503,0.2645658329129219
711663_15403889-lq.mp3,747.4210959351923,0.26456281542778015
711664_15403889-lq.mp3,976.319415762767,0.26456382125616074
711665_15403889-lq.mp3,838.0718794418107,0.2645668387413025
711703_15101941-lq.mp3,2684.8568345000303,0.2645648270845413
711704_15101941-lq.mp3,1485.389514027755,0.2645658329129219
711705_15101941-lq.mp3,706.1090225760968,0.2645668387413025
711706_15101941-lq.mp3,895.0963915433031,0.2645648270845413
711707_15101941-lq.mp3,1457.75112692378,0.2645648270845413
711708_1015240-lq.mp3,1190.1555861095228,0.2645658329129219
711741_1648170-lq.mp3,1393.2093774093273,0.2645658329129219
711744_5223-lq.mp3,2654.194049953517,0.2645658329129219
711786_9034501-lq.mp3,496.5852105485513,0.26455478742718697
711789_10152894-lq.mp3,4261.908291024536,0.26456885039806366
711790_1719057-lq.mp3,1147.7552944713786,0.26456281542778015
711791_10152894-lq.mp3,2975.907870536383,0.2645668387413025
711794_10323256-lq.mp3,1446.7637563557635,0.2645658329129219
711798_1648170-lq.mp3,1115.793058155132,0.2645678445696831
711856_5674468-lq.mp3,979.5580238179876,0.2645658329129219
711858_10323256-lq.mp3,2345.1258682939906,0.2645648270845413
711874_14988552-lq.mp3,532.6028698319651,0.26456382125616074
711875_14988552-lq.mp3,711.1609643020083,0.2645668387413025
711876_14988552-lq.mp3,641.9152062415923,0.2645658329129219
711877_14988552-lq.mp3,1348.0417084787955,0.2645658329129219
711878_14988552-lq.mp3,3139.6712490599657,0.2645658329129219
711879_14988552-lq.mp3,1452.9369666316632,0.2645648270845413
711880_14988552-lq.mp3,955.7209732530991,0.2645648270845413
711881_14988552-lq.mp3,1179.3108425841926,0.26456382125616074
711885_14988552-lq.mp3,1639.3091673942522,0.2645658329129219
711886_14988552-lq.mp3,1824.9870538580556,0.2645648270845413
711887_14988552-lq.mp3,4129.504538757503,0.2645658329129219
711888_14988552-lq.mp3,1358.5385880793415,0.2645588107407093
711889_14988552-lq.mp3,3201.082754898812,0.2645658329129219
711890_14988552-lq.mp3,4138.5447892713355,0.2645648270845413
711891_14988552-lq.mp3,3887.2678932035474,0.2645658329129219
711930_1015240-lq.mp3,2983.868563318859,0.2645648270845413
711941_5674468-lq.mp3,523.761175190107,0.2645648270845413
711946_5223-lq.mp3,2777.538921483971,0.2645648270845413
711950_2810953-lq.mp3,3569.3850096699953,0.2645658329129219
711956_10912485-lq.mp3,1096.5856870513219,0.2645648270845413
711975_4037248-lq.mp3,1543.809952756568,0.26456180959939957
711976_4037248-lq.mp3,8985.782478230114,0.2645648270845413
711977_4037248-lq.mp3,1373.7928564695214,0.2645678445696831
711978_4037248-lq.mp3,1282.5472255314273,0.2645648270845413
711979_4037248-lq.mp3,2606.9279725308716,0.2645668387413025
711980_4037248-lq.mp3,2033.4834201505053,0.26456281542778015
711981_4037248-lq.mp3,2713.028195600013,0.2645658329129219
711995_1648170-lq.mp3,2790.319554274505,0.26456885039806366
712004_5828667-lq.mp3,4624.017587480372,0.2646291069686413
712016_1015240-lq.mp3,3501.8121158958033,0.2645648270845413
712017_8698658-lq.mp3,773.2453535593585,0.2645648270845413
712022_8698658-lq.mp3,2662.1667063505056,0.2645648270845413
712023_8698658-lq.mp3,3539.7078141430634,0.26456382125616074
712025_8698658-lq.mp3,4093.879483917153,0.2645658329129219
712028_5674468-lq.mp3,724.8150234600001,0.2645648270845413
712030_4037248-lq.mp3,2346.3691145579683,0.26456180959939957
712041_8698658-lq.mp3,1727.2198771252345,0.2645658329129219
712052_10912485-lq.mp3,1248.7035249154271,0.2645658329129219
712057_10912485-lq.mp3,853.5814613576343,0.26456382125616074
712064_1648170-lq.mp3,2292.882325210591,0.26456885039806366
712065_8698658-lq.mp3,2530.766926191155,0.2645658329129219
712066_8698658-lq.mp3,1794.3461113218057,0.26456382125616074
712067_8698658-lq.mp3,1458.403500240476,0.26456382125616074
712069_1015240-lq.mp3,1572.0049426885719,0.2645668387413025
712073_8698658-lq.mp3,629.5459955530129,0.2645648270845413
712074_7037-lq.mp3,653.6775001147362,0.2645658329129219
712075_7037-lq.mp3,847.148807539244,0.2645648270845413
712080_5674468-lq.mp3,481.84353021597525,0.26456382125616074
712082_1015240-lq.mp3,1490.8163668153352,0.26456382125616074
712089_5674468-lq.mp3,799.8670003120604,0.26456180959939957
712090_12637308-lq.mp3,274.56582921788356,0.2645648270845413
712106_5223-lq.mp3,2097.086827599425,0.26456180959939957
712107_9034501-lq.mp3,1467.0960394850358,0.26456382125616074
712109_15412548-lq.mp3,444.88700546243075,0.2645668387413025
712110_15412548-lq.mp3,326.44692266430906,0.2645658329129219
712111_15412548-lq.mp3,624.0336796694799,0.2645648270845413
712113_10323256-lq.mp3,2326.101139013998,0.2645658329129219
712114_15403889-lq.mp3,562.4139391424499,0.26456281542778015
712115_15403889-lq.mp3,490.84181334550726,0.2645648270845413
712116_10323256-lq.mp3,2379.010973097222,0.2645648270845413
712117_15403889-lq.mp3,360.6376632736964,0.2645658329129219
712122_14909076-lq.mp3,1196.8643360002725,0.2646401524543762
712139_10152894-lq.mp3,2195.03506113959,0.2645658329129219
712140_10152894-lq.mp3,1552.921506054476,0.26456281542778015
712141_10152894-lq.mp3,1791.915880404805,0.26456382125616074
712142_10152894-lq.mp3,2480.9932385309066,0.2645658329129219
712148_1648170-lq.mp3,1950.6398935937038,0.2645668387413025
712172_4037248-lq.mp3,1147.2475733895612,0.26456281542778015
712173_4037248-lq.mp3,1781.0095110984428,0.2645678445696831
712175_4037248-lq.mp3,1121.7585700928582,0.2645658329129219
712176_4037248-lq.mp3,1448.2776767118116,0.26456382125616074
712177_4037248-lq.mp3,1156.4877005729602,0.26456885039806366
712180_5674468-lq.mp3,666.4303496644225,0.2645668387413025
712187_9931663-lq.mp3,2781.9142777927427,0.2645648270845413
712188_12637308-lq.mp3,1205.4935778981962,0.2645658329129219
712202_5223-lq.mp3,1835.1225827367318,0.26456382125616074
712208_7785680-lq.mp3,3405.4006125817223,0.2645658329129219
712209_7785680-lq.mp3,3336.7162014511287,0.2645648270845413
712210_5674468-lq.mp3,722.4803387778262,0.2645668387413025
712213_10323256-lq.mp3,1601.6091595507983,0.2645648270845413
712218_12187251-lq.mp3,989.2000690647548,0.26456985622644424
712224_15448660-lq.mp3,2677.246006995377,0.2645648270845413
712225_15448660-lq.mp3,2468.5225776361317,0.2645648270845413
712226_15448660-lq.mp3,4233.891062103818,0.2645648270845413
712227_15448660-lq.mp3,2726.581257754768,0.2645658329129219
712228_15448660-lq.mp3,3368.6460779608797,0.2645648270845413
712229_15448660-lq.mp3,3885.517687384935,0.2645648270845413
712230_15448660-lq.mp3,3304.6013655503525,0.2645668387413025
712231_15448660-lq.mp3,4095.7770470560963,0.2645648270845413
712232_14909076-lq.mp3,1978.0775298057233,0.2645929530262947
712294_1648170-lq.mp3,1377.421112860761,0.2645658329129219
712295_1015240-lq.mp3,1883.4603690826157,0.2645648270845413
712298_15090270-lq.mp3,709.9163501532636,0.2645648270845413
712302_15090270-lq.mp3,714.0333248068123,0.2645658329129219
712303_15090270-lq.mp3,826.4342419126583,0.26456281542778015
712304_15090270-lq.mp3,1353.5620231477708,0.26456885039806366
712305_15090270-lq.mp3,686.4856824633162,0.2645658329129219
712306_15090270-lq.mp3,1049.0225587453938,0.2645648270845413
712307_15090270-lq.mp3,797.7870961392435,0.26456382125616074
712308_15090270-lq.mp3,920.4991073204786,0.26456382125616074
712309_15090270-lq.mp3,1125.2182600280885,0.2645668387413025
712317_15448864-lq.mp3,2174.630633743909,0.2645648270845413
712318_15448864-lq.mp3,1921.6409322175111,0.2645678445696831
712319_15448864-lq.mp3,2199.4292254191123,0.2645678445696831
712320_15448864-lq.mp3,2759.4948692903404,0.26457086205482483
712321_15448864-lq.mp3,2079.619475227881,0.2645678445696831
712322_15448864-lq.mp3,1759.5507485799478,0.2645658329129219
712323_15448864-lq.mp3,2633.777287093454,0.26456382125616074
712324_15448864-lq.mp3,2129.8409059910564,0.26457687839865685
712325_15448864-lq.mp3,1952.1869690898516,0.2645658329129219
712326_15448864-lq.mp3,2138.15628247895,0.2645658329129219
712327_15448864-lq.mp3,1910.3589352260988,0.26457587257027626
712328_15448864-lq.mp3,1881.2936933156416,0.26457086205482483
712329_15448864-lq.mp3,1775.4290836428056,0.26457587257027626
712330_15448864-lq.mp3,1862.5882828118279,0.2645668387413025
712331_15448864-lq.mp3,1775.3784848624057,0.2645658329129219
712342_15314137-lq.mp3,808.2604649358859,0.2645658329129219
712343_15314137-lq.mp3,800.8161519315704,0.2645658329129219
712344_15314137-lq.mp3,870.8430513658551,0.2645648270845413
712345_15314137-lq.mp3,1025.9969396139795,0.26456281542778015
712346_15314137-lq.mp3,657.6471496629488,0.2645658329129219
712347_15314137-lq.mp3,1021.7343475907458,0.26456281542778015
712348_4037248-lq.mp3,2614.7913441957853,0.2645728550851345
712349_4037248-lq.mp3,2789.62480257043,0.2645728550851345
712350_15314137-lq.mp3,2370.0648730013677,0.2645648270845413
712351_15314137-lq.mp3,2362.5601852189243,0.26456382125616074
712352_15314137-lq.mp3,2816.5861506965325,0.2645648270845413
712356_15314137-lq.mp3,554.2057410729577,0.2645668387413025
712357_15314137-lq.mp3,1618.4126793706323,0.2645678445696831
712385_1089955-lq.mp3,3041.2804142240325,0.2645718678832054
712425_5828667-lq.mp3,921.2186054075878,0.2645648270845413
712432_15110067-lq.mp3,172.32312674134718,0.26456382125616074
712447_1015240-lq.mp3,2164.607438587991,0.2645668387413025
712448_15314137-lq.mp3,2818.8358729062284,0.26456281542778015
712449_15314137-lq.mp3,2893.8523846191574,0.26456382125616074
712450_15314137-lq.mp3,1799.9726221373146,0.26456281542778015
712451_15314137-lq.mp3,2357.4155567553694,0.26456281542778015
712452_1089955-lq.mp3,3885.117351033718,0.26455679908394814
712455_5674468-lq.mp3,664.9984872821746,0.2645658329129219
712456_8698658-lq.mp3,1364.6491826567317,0.2645668387413025
712458_8698658-lq.mp3,1056.0134531132476,0.2645648270845413
712465_1089955-lq.mp3,2650.044366004119,0.264608021825552
712466_1089955-lq.mp3,1360.4520505543576,0.26456382125616074
712479_1089955-lq.mp3,1421.7453749002693,0.2645658329129219
712480_1089955-lq.mp3,5571.814568212865,0.2645597979426384
712493_7037-lq.mp3,690.233369894501,0.2645648270845413
712495_1089955-lq.mp3,4922.289438767567,0.2645668387413025
712496_1089955-lq.mp3,3960.846594166871,0.26456382125616074
712497_1089955-lq.mp3,5340.653079357257,0.2645668387413025
712498_1089955-lq.mp3,4492.72467103247,0.26456382125616074
712531_15452710-lq.mp3,1910.540291121981,0.2645658329129219
712532_15452710-lq.mp3,1394.8309888884046,0.26457788422703743
712533_15452710-lq.mp3,1908.8505860344915,0.264578890055418
712534_15452710-lq.mp3,1367.174801071102,0.2645738609135151
712535_15452710-lq.mp3,1669.7504642545334,0.2645648270845413
712536_15452710-lq.mp3,1642.0008615776283,0.2645678445696831
712537_15452710-lq.mp3,1970.3597921882656,0.2645809017121792
712538_15452710-lq.mp3,2093.8070151565585,0.2645738609135151
712539_15452710-lq.mp3,2129.2073519836,0.2645809017121792
712540_15452710-lq.mp3,1336.2700226400268,0.26456985622644424
712541_15452710-lq.mp3,1428.5634089878529,0.2645648270845413
712542_15452710-lq.mp3,2132.475327559755,0.26457587257027626
712543_15452710-lq.mp3,1882.215757063923,0.2645648270845413
712544_15452710-lq.mp3,1619.808279125978,0.2645658329129219
712545_15452710-lq.mp3,2324.058190188653,0.2645798958837986
712548_15101941-lq.mp3,3047.785166154691,0.2645658329129219
712549_15101941-lq.mp3,2201.44821167715,0.2645658329129219
712550_15101941-lq.mp3,3226.242319492618,0.2645648270845413
712551_15101941-lq.mp3,4519.631770393922,0.2645648270845413
712552_15101941-lq.mp3,3634.2786782641447,0.2645658329129219
712559_5674468-lq.mp3,562.7609441170478,0.26456382125616074
712561_5674468-lq.mp3,710.0787950070275,0.2645658329129219
712562_9034501-lq.mp3,1588.95116487573,0.26456382125616074
712564_5828667-lq.mp3,560.661150168144,0.2645648270845413
712570_1648170-lq.mp3,2807.39360228159,0.2645648270845413
712571_1648170-lq.mp3,1613.6118706787051,0.26456382125616074
712588_1089955-lq.mp3,975.5105302429449,0.2645668387413025
712612_5674468-lq.mp3,629.8903779199949,0.2645658329129219
712619_1089955-lq.mp3,5523.41918620149,0.2645658329129219
712620_1089955-lq.mp3,4197.374947956722,0.26456885039806366
712626_1089955-lq.mp3,4095.674459134932,0.2645658329129219
712627_1089955-lq.mp3,1796.818876121735,0.26456985622644424
712628_321967-lq.mp3,1741.597091878862,0.2645648270845413
712629_5828667-lq.mp3,3972.2964406945,0.2645648270845413
712630_5674468-lq.mp3,682.2391395672623,0.2645668387413025
712632_9034501-lq.mp3,1606.1711857073296,0.2645658329129219
9154_288-lq.mp3,3148.7973649476535,0.2645668387413025
9155_288-lq.mp3,3057.816615401782,0.26456382125616074
9156_288-lq.mp3,2981.7800998677376,0.2645658329129219
9157_288-lq.mp3,2927.0078135026333,0.2645668387413025
9158_288-lq.mp3,2636.605677584038,0.2645658329129219
9159_288-lq.mp3,3325.751229423454,0.2645648270845413
