record,speech_level,snr,rms_noise,sample_rate,dynamic_range_db,rms_audio
157321_2305278-lq.mp3,4783.92738920763,0.2645648270845413,0.027706608,24000,19.73325252532959,0.028563512
157326_2305278-lq.mp3,4195.299024365828,0.26456382125616074,0.19093451,24000,16.146494150161743,0.19683966
160229_288-lq.mp3,2693.8668850357367,0.26456382125616074,0.021931872,44100,24.2496919631958,0.022610174
160230_288-lq.mp3,6282.672664541826,0.26456281542778015,0.019021422,44100,27.536585330963135,0.019609708
160231_288-lq.mp3,6608.544750743617,0.26456180959939957,0.009633195,44100,28.346335887908936,0.009931125
160232_288-lq.mp3,3164.4113026132673,0.26456281542778015,0.02150227,44100,22.6039981842041,0.022167282
160233_288-lq.mp3,1918.3616960462787,0.2645648270845413,0.031599954,44100,26.192772388458252,0.03257727
160234_288-lq.mp3,2028.203155850333,0.26456382125616074,0.06954091,44100,16.278175115585327,0.07169165
160235_288-lq.mp3,2033.3823307280063,0.26456985622644424,0.031983532,44100,21.454684734344482,0.03297273
160236_288-lq.mp3,6539.605251416841,0.26453670114278793,0.010932778,44100,27.27200746536255,0.011270868
160237_288-lq.mp3,1891.1780292502435,0.2645658329129219,0.033706296,44100,19.015026092529297,0.03474876
160238_288-lq.mp3,2462.5611619376905,0.2645648270845413,0.028975293,44100,19.938178062438965,0.029871436
160239_288-lq.mp3,2461.2531333057022,0.26456382125616074,0.015702173,44100,24.966368675231934,0.016187804
160240_288-lq.mp3,3207.8420041298073,0.26456382125616074,0.0116802,44100,24.340262413024902,0.012041441
178550_2305278-lq.mp3,1163.93852102222,0.26456985622644424,0.31153834,24000,8.950978517532349,0.3211737
207134_2568776-lq.mp3,1232.1196414817841,0.2645648270845413,0.044711508,44100,21.35450839996338,0.046094336
207135_2568776-lq.mp3,3259.163222516846,0.26456382125616074,0.026281077,48000,29.83356475830078,0.02709389
207136_2568776-lq.mp3,1465.960751959939,0.26456382125616074,0.095205486,44100,16.299448013305664,0.09814997
207137_2568776-lq.mp3,1305.6381756057167,0.2645648270845413,0.06841696,44100,21.632771492004395,0.07053295
207138_2568776-lq.mp3,1627.6750648022792,0.26456382125616074,0.030102925,44100,25.665462017059326,0.031033937
207139_2568776-lq.mp3,6228.201630224996,0.2645658329129219,0.014799185,44100,28.627960681915283,0.015256893
207140_2568776-lq.mp3,1902.644444908886,0.2645658329129219,0.031789914,24000,23.55586051940918,0.032773107
207141_2568776-lq.mp3,1867.2984927218226,0.2645648270845413,0.032043464,24000,23.661329746246338,0.033034496
207142_2568776-lq.mp3,2932.8386694326064,0.26457788422703743,0.011262818,44100,37.88358926773071,0.011611169
207143_2568776-lq.mp3,1019.7407996522085,0.2645668387413025,0.08450642,44100,13.710099458694458,0.087120034
207144_2568776-lq.mp3,3807.7127384212513,0.2645648270845413,0.0068101473,24000,30.161144733428955,0.00702077
207145_2568776-lq.mp3,6556.42110762553,0.2645648270845413,0.0056772823,44100,30.845274925231934,0.0058528683
237770_288-lq.mp3,675.1485974640018,0.2645658329129219,0.03796059,24000,16.339536905288696,0.03913463
237924_4019029-lq.mp3,2957.4670831346702,0.26456180959939957,0.102673866,24000,19.206193685531616,0.1058493
237925_4019029-lq.mp3,2787.7877754816027,0.2645236440002918,0.2380964,24000,14.353482723236084,0.24545902
237926_4019029-lq.mp3,3621.1793846518794,0.2638818323612213,0.16587578,24000,18.085817098617554,0.17099251
237927_4019029-lq.mp3,5011.098967369546,0.2641911990940571,0.30096823,24000,13.641480207443237,0.31026316
237928_4019029-lq.mp3,4025.1075332226424,0.26442723348736763,0.28998572,24000,13.928276300430298,0.2989496
256594_2305278-lq.mp3,576.2763095515824,0.2645658329129219,0.39133835,24000,6.603870987892151,0.40344164
256596_2305278-lq.mp3,585.2010386916511,0.2645658329129219,0.3160199,24000,8.439753651618958,0.3257937
268004_2305278-lq.mp3,1867.2548151244396,0.2645658329129219,0.16972356,24000,15.454140901565552,0.17497276
271444_2305278-lq.mp3,1292.5345698292795,0.2645658329129219,0.17562543,24000,12.611788511276245,0.18105716
319759_5121236-lq.mp3,2928.0121072071415,0.2645658329129219,0.04124497,24000,26.531212329864502,0.04252059
324882_2305278-lq.mp3,1521.5521493946526,0.2646019868552685,0.14215566,24000,13.818926811218262,0.14655285
328948_288-lq.mp3,2910.117995514824,0.26457086205482483,0.021785526,24000,27.63035774230957,0.022459319
328949_288-lq.mp3,2771.405495691227,0.2645648270845413,0.04039684,24000,28.492472171783447,0.041646224
342432_321967-lq.mp3,5216.666185919787,0.2645648270845413,0.06625563,24000,17.067112922668457,0.06830477
360328_5121236-lq.mp3,2289.7039678764986,0.2645648270845413,0.09257375,24000,21.992833614349365,0.09543685
378388_7020630-lq.mp3,2913.5674551232246,0.2645999751985073,0.002024735,24000,24.507122039794922,0.0020873642
378389_7020630-lq.mp3,2487.177740927043,0.26456382125616074,0.0014152024,24000,29.810791015625,0.0014589713
378390_7020630-lq.mp3,2924.0801125998564,0.2645648270845413,0.0012986545,24000,20.295956134796143,0.0013388189
378391_7020630-lq.mp3,1774.6467881992908,0.26489023119211197,0.004776215,24000,31.588256359100342,0.004924117
378392_7020630-lq.mp3,275.6683585418322,0.2645658329129219,0.031603355,24000,25.135657787322998,0.03258078
378393_7020630-lq.mp3,4116.236036497522,0.2645658329129219,0.0012583571,24000,29.50516700744629,0.0012972754
378394_7020630-lq.mp3,4535.243514166931,0.2645648270845413,0.08846907,24000,15.163102149963379,0.091205224
378395_7020630-lq.mp3,2566.712579100073,0.2645658329129219,0.0020904727,24000,33.61725091934204,0.0021551265
378396_7020630-lq.mp3,2769.514143954727,0.26456382125616074,0.0069025042,24000,27.609446048736572,0.007115983
378397_7020630-lq.mp3,4260.161405586933,0.2645648270845413,0.004773136,24000,31.01750373840332,0.004920759
378398_7020630-lq.mp3,1657.3436242191929,0.2645658329129219,0.028077736,24000,28.18603277206421,0.028946122
378399_7020630-lq.mp3,1552.6172856427206,0.2645668387413025,0.01154359,24000,12.794408798217773,0.011900609
378400_7020630-lq.mp3,1594.6418921715265,0.26457086205482483,0.0044012954,24000,40.634002685546875,0.004537421
378401_7020630-lq.mp3,1642.6599247222696,0.2645648270845413,0.052959926,24000,20.896050930023193,0.054597862
378402_7020630-lq.mp3,1985.564203430318,0.2645869180560112,0.00085928064,24000,20.162174701690674,0.00088585855
405561_5121236-lq.mp3,2465.487717360819,0.2645648270845413,0.035307806,24000,15.642086267471313,0.036399797
406730_4019029-lq.mp3,487.6885415857682,0.26456180959939957,0.077142574,24000,16.408119201660156,0.07952839
411419_1719057-lq.mp3,4887.887131762888,0.26456382125616074,0.006918708,44100,30.77824115753174,0.0071326876
416170_2305278-lq.mp3,752.9509542435824,0.2645658329129219,0.054178275,24000,24.59054470062256,0.055853896
418321_2305278-lq.mp3,1392.8088373635464,0.2645648270845413,0.12446876,24000,15.577700138092041,0.1283183
418735_2305278-lq.mp3,812.2781836468212,0.2645648270845413,0.0542379,24000,14.417321681976318,0.055915356
421906_2305278-lq.mp3,947.7072220165954,0.26456382125616074,0.036187213,24000,14.91769790649414,0.0373064
426470_2305278-lq.mp3,2245.992915244321,0.2645668387413025,0.07651464,24000,20.401079654693604,0.078881085
426471_2305278-lq.mp3,612.968779307644,0.2645648270845413,0.025234517,24000,15.279749631881714,0.026014963
426472_2305278-lq.mp3,1119.5684803780152,0.26456382125616074,0.0780593,24000,16.854019165039062,0.08047349
437064_2305278-lq.mp3,2455.8891330850256,0.2645648270845413,0.22702624,24000,12.082115411758423,0.23404765
437488_321967-lq.mp3,1654.1673330073177,0.2645648270845413,0.13025643,24000,16.039724349975586,0.13428497
437528_2305278-lq.mp3,1435.212571004818,0.2645668387413025,0.12347667,24000,14.707579612731934,0.12729555
439512_2305278-lq.mp3,1904.9231375037339,0.26456382125616074,0.22940429,24000,12.579880952835083,0.23649922
442285_2305278-lq.mp3,1404.7254952465976,0.26456382125616074,0.15132992,24000,14.45615530014038,0.1560102
448995_71257-lq.mp3,1882.485595147397,0.2645648270845413,0.108720146,24000,17.160799503326416,0.11208262
453072_2305278-lq.mp3,886.3839088422358,0.2645658329129219,0.12324171,24000,14.425215721130371,0.12705332
454707_71257-lq.mp3,7141.863512045143,0.2645648270845413,0.06483861,48000,21.226484775543213,0.06684393
455472_1719057-lq.mp3,1795.1141499514333,0.2645658329129219,0.04807442,24000,19.469202756881714,0.049561262
456042_1719057-lq.mp3,2183.2212067291443,0.2645648270845413,0.025629003,24000,24.61315631866455,0.02642165
457570_6253486-lq.mp3,2279.0413429830032,0.2645648270845413,0.01677809,24000,34.85891103744507,0.017296998
464509_2568776-lq.mp3,656.8817067367443,0.2645658329129219,0.057090055,24000,25.26052474975586,0.05885573
464510_2568776-lq.mp3,777.1970429080687,0.2645648270845413,0.056176677,24000,26.31378173828125,0.057914097
464511_2568776-lq.mp3,1692.9530607737308,0.26456885039806366,0.14563486,24000,18.478052616119385,0.1501391
464512_2568776-lq.mp3,2335.5497090718695,0.2645658329129219,0.08626477,24000,21.642727851867676,0.08893275
464513_2568776-lq.mp3,1050.6923255679671,0.2645658329129219,0.07598571,24000,23.614206314086914,0.078335784
464514_2568776-lq.mp3,898.1567781026118,0.26456281542778015,0.061975442,24000,24.724724292755127,0.06389219
464515_2568776-lq.mp3,630.2759985375394,0.2645648270845413,0.061675947,24000,25.10040044784546,0.06358345
464516_2568776-lq.mp3,523.0391017549941,0.2645648270845413,0.03972741,24000,26.69633150100708,0.040956087
464517_2568776-lq.mp3,2335.5497090718695,0.2645658329129219,0.08626477,24000,21.642727851867676,0.08893275
468209_9931663-lq.mp3,1892.723604713279,0.2645678445696831,0.00861201,24000,24.01656150817871,0.008878363
469111_9634718-lq.mp3,2828.2295544132594,0.26456382125616074,0.025454374,24000,18.24425220489502,0.02624162
469153_9634718-lq.mp3,4692.699336515881,0.2645658329129219,0.019848436,24000,22.607972621917725,0.020462306
469154_9634718-lq.mp3,3467.9676327112775,0.2645648270845413,0.02305505,24000,18.740861415863037,0.023768092
469155_9634718-lq.mp3,2890.6523789849007,0.2645658329129219,0.007330618,24000,26.416072845458984,0.0075573386
469156_9634718-lq.mp3,1176.0504873935388,0.2645648270845413,0.02225316,24000,16.9424045085907,0.022941401
469157_9634718-lq.mp3,3068.489865666376,0.2645648270845413,0.013306413,24000,31.076781749725342,0.01371795
469158_9634718-lq.mp3,600.4168102240508,0.2645648270845413,0.0050706873,24000,16.489200592041016,0.005227512
469159_9634718-lq.mp3,2029.1719081005992,0.2645648270845413,0.0014477656,24000,18.29110860824585,0.0014925419
469160_9634718-lq.mp3,2863.066274158645,0.2645648270845413,0.049687747,24000,10.68489670753479,0.051224478
469161_9634718-lq.mp3,1175.2527261270259,0.2645658329129219,0.049718205,24000,15.325168371200562,0.05125588
469162_9634718-lq.mp3,2112.58094713898,0.2645658329129219,0.06273052,24000,13.719046115875244,0.064670645
469163_9634718-lq.mp3,1236.4685068069728,0.2645648270845413,0.010375207,24000,11.916395425796509,0.01069609
469164_9634718-lq.mp3,1251.4312383775919,0.2645648270845413,0.01278643,24000,12.200508117675781,0.013181887
469165_9634718-lq.mp3,1179.420759805106,0.2645648270845413,0.006087559,24000,18.173846006393433,0.0062758336
469166_9634718-lq.mp3,1720.63513570972,0.2645648270845413,0.008150418,24000,17.43792414665222,0.008402493
472176_9634718-lq.mp3,1389.386946223553,0.2645648270845413,0.023623077,24000,11.742568016052246,0.024353687
479057_4019029-lq.mp3,325.5123681063994,0.2645658329129219,0.15989257,24000,13.409373760223389,0.16483772
482120_71257-lq.mp3,4202.058652249112,0.264543741941452,0.09657137,24000,18.98823857307434,0.09955786
482121_71257-lq.mp3,4524.119829262626,0.264437273144722,0.121063486,24000,17.325990200042725,0.12480588
482122_71257-lq.mp3,5607.111553231315,0.2645658329129219,0.12884627,48000,17.264269590377808,0.13283122
482134_71257-lq.mp3,4706.365278246268,0.26231674477458,0.06776651,24000,17.965099811553955,0.0698443
482368_6253486-lq.mp3,1143.6466995395413,0.26456382125616074,0.038423907,24000,27.28877067565918,0.039612267
484268_5121236-lq.mp3,2112.1373849976994,0.26452967897057533,0.03148298,24000,25.79944610595703,0.032456547
484269_5121236-lq.mp3,2668.554997944617,0.2645648270845413,0.06841984,24000,18.850667476654053,0.07053591
484270_5121236-lq.mp3,5006.2743464308805,0.2645648270845413,0.012783458,24000,28.36580991744995,0.013178823
484344_5121236-lq.mp3,2450.4663584524055,0.2645658329129219,0.031459644,24000,25.377779006958008,0.032432623
484470_5121236-lq.mp3,5663.54898852317,0.2645648270845413,0.01924388,24000,26.492669582366943,0.01983905
484659_5121236-lq.mp3,2539.4631266352876,0.2645648270845413,0.008613741,24000,37.28384733200073,0.008880145
484763_5121236-lq.mp3,2425.6870786522577,0.2645648270845413,0.055056524,24000,21.615018844604492,0.0567593
485009_5121236-lq.mp3,1983.7871699794177,0.2645648270845413,0.066829026,24000,19.0541672706604,0.0688959
485076_5121236-lq.mp3,142.84691703726736,0.2645648270845413,0.101278186,24000,18.77318263053894,0.1044105
485355_5121236-lq.mp3,5260.71902283247,0.2645045705139637,0.08053252,24000,16.312509775161743,0.08302264
485420_5121236-lq.mp3,3093.2233378182036,0.2645678445696831,0.040484108,24000,15.246840715408325,0.041736204
485621_5121236-lq.mp3,1727.589142825637,0.2645658329129219,0.054073103,24000,21.505813598632812,0.05574547
488327_321967-lq.mp3,6011.4292174124985,0.26456180959939957,0.062119614,24000,25.570907592773438,0.06404082
501346_4019029-lq.mp3,2569.7826810729657,0.2645648270845413,0.14588892,24000,15.433593988418579,0.15040095
502601_321967-lq.mp3,1280.7348063840118,0.2645648270845413,0.08983871,24000,18.03112268447876,0.09261723
503832_4019029-lq.mp3,1271.217285762768,0.2645668387413025,0.0030452753,24000,18.0746591091156,0.0031394595
504686_4019029-lq.mp3,1307.4215080751094,0.2645658329129219,0.055238094,24000,17.70231008529663,0.056946494
504687_4019029-lq.mp3,1549.855390988841,0.26456382125616074,0.05230824,24000,20.843894481658936,0.05392601
504871_321967-lq.mp3,1530.3073384014017,0.2645648270845413,0.084196806,24000,19.324867725372314,0.08680083
514061_5828667-lq.mp3,4189.5924553416535,0.2645658329129219,0.15522328,24000,11.161046028137207,0.160024
514062_5828667-lq.mp3,733.8568135082185,0.2645658329129219,0.05178347,24000,19.041810035705566,0.05338502
516854_321967-lq.mp3,1228.8520309637079,0.2645648270845413,0.14362136,24000,12.529027462005615,0.14806324
517267_4019029-lq.mp3,853.338754846989,0.2645668387413025,0.052534442,24000,20.00307559967041,0.054159228
517298_5828667-lq.mp3,5800.517377984663,0.2645658329129219,0.0189888,24000,17.92798399925232,0.019576084
517299_5828667-lq.mp3,6266.518376125064,0.2645648270845413,0.01122574,24000,15.862817764282227,0.011572927
518968_2825189-lq.mp3,2744.435300097545,0.26456281542778015,0.12754461,24000,16.5604305267334,0.13148925
519098_2825189-lq.mp3,900.4539931269326,0.26456382125616074,0.08709684,24000,15.403304100036621,0.089790545
519189_5121236-lq.mp3,2401.7525446416766,0.2645658329129219,0.07942433,24000,17.728736400604248,0.081880756
519225_2825189-lq.mp3,1884.7636415629102,0.2645648270845413,0.22197199,24000,12.70581841468811,0.22883709
519237_2825189-lq.mp3,1580.1535954414464,0.26456180959939957,0.09652203,24000,14.477128982543945,0.09950721
520056_5828667-lq.mp3,1014.0078140058628,0.2645648270845413,0.10622034,24000,18.706037998199463,0.109505504
521988_4019029-lq.mp3,1438.7300545256608,0.2645658329129219,0.120235175,24000,18.17413330078125,0.12395379
523365_6142149-lq.mp3,1560.8239970524974,0.2645588107407093,0.28654522,24000,14.457372426986694,0.29540724
524743_4019029-lq.mp3,1513.835974620491,0.2645658329129219,0.093126416,24000,16.5048885345459,0.096006624
529340_9453283-lq.mp3,682.4131046924603,0.2645658329129219,0.098370545,24000,15.515265464782715,0.10141294
529480_9453283-lq.mp3,2588.467596174273,0.264614038169384,0.08653301,24000,10.956679582595825,0.08920979
530063_4019029-lq.mp3,2265.846468985584,0.26456382125616074,0.16051055,24000,15.670183897018433,0.16547477
530064_4019029-lq.mp3,1755.5979437966016,0.2645658329129219,0.16166018,24000,14.717258214950562,0.16665998
530065_4019029-lq.mp3,2769.668515514929,0.26456281542778015,0.10034143,24000,18.211698532104492,0.10344475
530619_9453283-lq.mp3,4195.594106526273,0.2645648270845413,0.034124065,24000,21.05311393737793,0.035179447
535357_10912485-lq.mp3,1643.986931945678,0.2645648270845413,0.021807687,24000,19.591424465179443,0.022482151
536076_10912485-lq.mp3,1417.4845476837668,0.26456382125616074,0.0065794424,24000,17.86819100379944,0.0067829294
538909_9931663-lq.mp3,1622.2396644946496,0.2645668387413025,0.031141268,24000,20.02730131149292,0.032104407
538910_9931663-lq.mp3,1602.0020074520849,0.2645648270845413,0.033356655,24000,19.469093084335327,0.034388304
538911_9931663-lq.mp3,1611.5411705628585,0.2645658329129219,0.028882097,24000,26.04074716567993,0.02977536
546174_9453283-lq.mp3,2592.9348376300836,0.2648119069635868,0.10346331,24000,12.344772815704346,0.10666624
547113_9453283-lq.mp3,498.7522812822503,0.2645658329129219,0.1705703,24000,13.787200450897217,0.17584568
553871_71257-lq.mp3,620.8566167902026,0.2645648270845413,0.05212439,24000,15.318013429641724,0.05373648
554782_9453283-lq.mp3,1088.2244206858545,0.2645658329129219,0.07361059,24000,16.349937915802002,0.07588721
554783_9453283-lq.mp3,1019.7526200548871,0.2645648270845413,0.1068123,24000,13.052006959915161,0.11011577
557513_5828667-lq.mp3,1076.850307304122,0.2645648270845413,0.09549199,24000,20.606749057769775,0.09844535
557514_5828667-lq.mp3,1005.1671888079424,0.2645648270845413,0.086176254,24000,21.016106605529785,0.0888415
557515_5828667-lq.mp3,1108.5217249032662,0.2645648270845413,0.083001465,24000,20.916144847869873,0.08556852
563012_6253486-lq.mp3,3985.9977479086074,0.2645668387413025,0.0030865802,24000,39.66250658035278,0.0031820422
563016_6253486-lq.mp3,1385.1598891588499,0.26456382125616074,0.0077059343,24000,19.29649591445923,0.007944261
563764_6253486-lq.mp3,4378.154369735451,0.2645658329129219,0.018363036,24000,29.396190643310547,0.018930966
563765_6253486-lq.mp3,1964.2565524749818,0.2645658329129219,0.0803449,24000,15.171043872833252,0.082829796
563766_6253486-lq.mp3,2836.685918393506,0.2645668387413025,0.011710716,24000,24.54721689224243,0.012072905
565449_5828667-lq.mp3,1317.2154913680151,0.2645648270845413,0.06954419,24000,21.177709102630615,0.07169504
565450_5828667-lq.mp3,1505.1933987952361,0.26456382125616074,0.08907852,24000,19.104392528533936,0.09183352
565451_5828667-lq.mp3,1754.0352093809745,0.2645658329129219,0.07980792,24000,20.04077911376953,0.08227621
571483_9453283-lq.mp3,2996.8076726890185,0.2625287137925625,0.015564136,24000,36.83030128479004,0.016041739
573189_5121236-lq.mp3,4395.42079827806,0.2645678445696831,0.011132228,24000,10.915833711624146,0.011476528
575658_2305278-lq.mp3,1103.1572727758737,0.2645668387413025,0.13265042,24000,12.424250841140747,0.13675304
57701_712494-lq.mp3,1500.9780993733068,0.2645648270845413,0.052961584,24000,24.072749614715576,0.05459957
57702_712494-lq.mp3,232.405615085886,0.2645648270845413,0.153016,24000,14.501672983169556,0.15774845
57703_712494-lq.mp3,394.58947764134757,0.2645658329129219,0.029255101,24000,21.463842391967773,0.030159902
57704_712494-lq.mp3,246.2291454837045,0.26456382125616074,0.13293421,24000,14.274219274520874,0.13704556
57705_712494-lq.mp3,197.59824890185868,0.26456382125616074,0.059867695,24000,17.356337308883667,0.06171926
577068_71257-lq.mp3,1843.4995545056745,0.2645588107407093,0.035750218,24000,12.89907455444336,0.03685587
57706_712494-lq.mp3,169.5024624555721,0.2645648270845413,0.17825659,11025,14.188480377197266,0.18376967
57707_712494-lq.mp3,163.93487030778596,0.2645658329129219,0.16132268,24000,15.063743591308594,0.16631205
57708_712494-lq.mp3,4683.9819055766375,0.2645648270845413,0.0066311066,24000,26.179587841033936,0.006836192
57709_712494-lq.mp3,3859.0863093508974,0.2645648270845413,0.0325567,24000,23.469855785369873,0.033563606
57710_712494-lq.mp3,3140.871427012729,0.2645658329129219,0.116820104,24000,20.94743013381958,0.1204331
57711_712494-lq.mp3,1416.2762680650062,0.2645658329129219,0.06709491,24000,19.873842000961304,0.06917001
57712_712494-lq.mp3,3135.740360860954,0.2645648270845413,0.21544501,24000,12.243751287460327,0.22210824
57713_712494-lq.mp3,3839.9993991485358,0.2645648270845413,0.053696137,24000,17.88074254989624,0.05535684
585571_2305278-lq.mp3,854.2852287813456,0.2645648270845413,0.14479527,24000,13.286070823669434,0.14927347
585573_2305278-lq.mp3,1430.8970216482114,0.2645658329129219,0.0973538,24000,15.700101852416992,0.100364745
586914_5828667-lq.mp3,1806.562605689035,0.26456382125616074,0.08552381,24000,21.933746337890625,0.08816886
586915_5828667-lq.mp3,971.9336079459896,0.2645648270845413,0.097223796,24000,21.407780647277832,0.100230716
60013_71257-lq.mp3,1247.7489855959507,0.2645658329129219,0.08324524,24000,16.034942865371704,0.08581984
608240_5828667-lq.mp3,112.7666715937134,0.2645648270845413,0.07078433,24000,17.710933685302734,0.072973534
608241_5828667-lq.mp3,127.67998135940185,0.2645658329129219,0.057125933,24000,18.196158409118652,0.058892716
608243_5828667-lq.mp3,104.85710082949963,0.26456382125616074,0.07504016,24000,17.128394842147827,0.07736098
608245_5828667-lq.mp3,110.23052532176055,0.26456382125616074,0.06413807,24000,17.829841375350952,0.06612171
610115_9453283-lq.mp3,808.3215395027773,0.2645678445696831,0.23339763,44100,12.404309511184692,0.24061617
610546_71257-lq.mp3,3818.0632841042784,0.2645648270845413,0.007773008,24000,39.47996377944946,0.0080134105
610547_71257-lq.mp3,2241.7827314566916,0.2645648270845413,0.014524445,24000,36.08563184738159,0.014973654
61209_712494-lq.mp3,291.86700953462866,0.2645658329129219,0.11044216,24000,14.97837781906128,0.1138579
612639_5828667-lq.mp3,109.02632921020756,0.2645648270845413,0.08034339,24000,18.85106325149536,0.08282823
612640_5828667-lq.mp3,113.83508616012539,0.2645668387413025,0.061491285,24000,20.304930210113525,0.063393086
612641_5828667-lq.mp3,128.56921156212042,0.2645658329129219,0.060579676,24000,20.82594633102417,0.06245328
612642_5828667-lq.mp3,143.88710960702969,0.2645648270845413,0.04011967,24000,21.296331882476807,0.041360483
612643_5828667-lq.mp3,183.22062192639734,0.2645658329129219,0.033941567,24000,21.322805881500244,0.03499131
614530_71257-lq.mp3,2349.526768175029,0.26456180959939957,0.087904915,24000,17.577197551727295,0.09062359
614810_321967-lq.mp3,2126.1286014617435,0.2645648270845413,0.07780664,24000,20.38681983947754,0.080213025
614938_5828667-lq.mp3,453.7371193455813,0.2645658329129219,0.07307515,24000,21.445777416229248,0.07533521
615518_9453283-lq.mp3,3295.854248148731,0.2645648270845413,0.08289395,24000,16.906458139419556,0.08545768
620529_9453283-lq.mp3,1437.2643109271235,0.2645658329129219,0.07278915,24000,24.620347023010254,0.07504036
622236_71257-lq.mp3,3288.7751365995546,0.2645678445696831,0.069073305,24000,20.308773517608643,0.07120962
622237_71257-lq.mp3,3973.9288946468973,0.2645678445696831,0.06329958,24000,20.725674629211426,0.06525732
623056_9453283-lq.mp3,1806.2290848514347,0.2645648270845413,0.013097812,24000,21.335103511810303,0.013502899
625345_12579677-lq.mp3,2060.071620383807,0.2645668387413025,0.02212985,24000,21.044292449951172,0.022814283
626197_12579677-lq.mp3,1417.790323422895,0.26456281542778015,0.053411894,11025,19.248751401901245,0.05506379
628839_321967-lq.mp3,3534.002179773986,0.2645658329129219,0.04765416,24000,24.470112323760986,0.049128
631769_321967-lq.mp3,3076.905489096953,0.2645658329129219,0.086090915,24000,18.62098217010498,0.08875352
633141_10912485-lq.mp3,1897.710392020686,0.26456382125616074,0.08827004,44100,19.113776683807373,0.09100003
633816_321967-lq.mp3,3127.933370012973,0.2645648270845413,0.10738262,24000,17.983248233795166,0.11070372
634365_10912485-lq.mp3,2653.1514735765136,0.2645658329129219,0.02689218,24000,25.32109260559082,0.027723897
639091_9453283-lq.mp3,229.60814241389306,0.2645648270845413,0.11177284,24000,14.908932447433472,0.11522973
640946_1719057-lq.mp3,904.2081475179122,0.26456180959939957,0.026128763,24000,23.65699529647827,0.026936859
641639_5223-lq.mp3,2679.135667797312,0.2645648270845413,0.20940633,24000,13.688392639160156,0.21588281
641755_5674468-lq.mp3,557.118816578642,0.2645648270845413,0.049639534,24000,13.103790283203125,0.051174775
642368_5674468-lq.mp3,665.7866845052512,0.2645648270845413,0.033306446,24000,13.686425685882568,0.03433654
644491_5674468-lq.mp3,579.8843569874351,0.2645648270845413,0.052972466,24000,13.376106023788452,0.05461079
646029_5674468-lq.mp3,681.4661791531146,0.2645668387413025,0.03588162,24000,14.833741188049316,0.036991365
646937_10912485-lq.mp3,1049.325831073236,0.26456382125616074,0.094800696,44100,18.66140604019165,0.097732656
646938_10912485-lq.mp3,2008.4931266509477,0.26456382125616074,0.08733253,44100,18.151495456695557,0.090033524
647148_10912485-lq.mp3,1485.7753157374964,0.26456382125616074,0.0632486,24000,22.477259635925293,0.065204725
647149_10912485-lq.mp3,2819.065158764422,0.26457086205482483,0.009112333,24000,34.525158405303955,0.009394163
648155_10912485-lq.mp3,137.99088573728707,0.2645648270845413,0.10737656,24000,17.42214798927307,0.11069748
650829_5121236-lq.mp3,1759.2401072946107,0.26456281542778015,0.04840704,24000,26.18626832962036,0.049904153
651874_5223-lq.mp3,2196.679814699029,0.26456180959939957,0.1319153,24000,14.43785548210144,0.1359951
652467_5674468-lq.mp3,572.2022973317617,0.2645648270845413,0.034059945,24000,13.4921133518219,0.035113342
652687_5674468-lq.mp3,585.7313415727032,0.2645678445696831,0.03669106,24000,14.669634103775024,0.037825845
652698_5223-lq.mp3,3006.6405752782885,0.26456382125616074,0.25065342,24000,12.927234172821045,0.25840554
654666_5674468-lq.mp3,509.3844696025907,0.2645648270845413,0.036859244,24000,13.09982180595398,0.03799922
654671_5674468-lq.mp3,507.53589061047677,0.2645668387413025,0.03920293,24000,12.771936655044556,0.040415395
656660_5674468-lq.mp3,467.67783712446453,0.2645648270845413,0.05078328,24000,12.917932271957397,0.052353892
656816_5674468-lq.mp3,493.49176963611484,0.2645658329129219,0.05417142,24000,13.284316062927246,0.05584683
660950_5674468-lq.mp3,417.7660310790005,0.2645648270845413,0.04008079,24000,12.603884935379028,0.0413204
661227_5674468-lq.mp3,417.6747712897009,0.2645658329129219,0.037700202,24000,12.940049171447754,0.03886619
663271_12637308-lq.mp3,3181.6429931796383,0.26456281542778015,0.06876292,24000,14.302750825881958,0.07088959
664191_12637308-lq.mp3,348.2767878721845,0.2645678445696831,0.10228733,24000,12.858473062515259,0.10545088
666208_12637308-lq.mp3,3553.3449904575477,0.26456382125616074,0.074087344,24000,13.181313276290894,0.076378696
666980_12637308-lq.mp3,771.4643433963396,0.2645648270845413,0.12047109,24000,11.111079454421997,0.124197
668244_10912485-lq.mp3,423.52107727057006,0.2645648270845413,0.07835246,24000,16.067832708358765,0.08077572
668245_10912485-lq.mp3,546.363971578166,0.2645658329129219,0.08357086,24000,18.911374807357788,0.08615553
668246_10912485-lq.mp3,1597.5490705394366,0.2645648270845413,0.0560681,24000,22.183866500854492,0.057802163
668272_10912485-lq.mp3,886.6937461521718,0.26456382125616074,0.048665557,24000,22.131221294403076,0.05017067
668597_12637308-lq.mp3,116.17653718300456,0.26456382125616074,0.08009016,24000,14.047365188598633,0.082567155
668965_5828667-lq.mp3,4263.186220865634,0.2645658329129219,0.02319455,24000,26.640753746032715,0.023911908
670496_9453283-lq.mp3,1648.5362992198975,0.26456382125616074,0.18590753,24000,14.54241394996643,0.19165722
670681_14597403-lq.mp3,286.96232114253047,0.2645658329129219,0.06905047,24000,14.3980872631073,0.07118606
670682_14597403-lq.mp3,282.9074041579231,0.2645648270845413,0.08681396,24000,12.70467758178711,0.089498915
671181_14597403-lq.mp3,1193.4737996522142,0.2648681402206421,0.0047659427,24000,20.810720920562744,0.004913514
671182_14597403-lq.mp3,1591.5084780867537,0.2645809017121792,0.010152376,24000,22.421116828918457,0.010466386
671183_14597403-lq.mp3,1262.4812340449535,0.2645929530262947,0.008263306,24000,18.55976104736328,0.008518899
671963_14597403-lq.mp3,1107.9549266532442,0.2645648270845413,0.10161135,24000,14.471203088760376,0.10475397
671964_14597403-lq.mp3,862.2401092107226,0.2645648270845413,0.1302614,24000,13.591982126235962,0.1342901
671965_14597403-lq.mp3,1550.4909758786225,0.2645658329129219,0.14517878,24000,13.70915174484253,0.14966886
673473_14597403-lq.mp3,584.1095268272541,0.2645648270845413,0.15264116,24000,13.125437498092651,0.15736201
674182_14597403-lq.mp3,1260.2008814982485,0.26456382125616074,0.07886501,24000,17.143170833587646,0.08130412
674183_14597403-lq.mp3,1046.6653788457118,0.26456281542778015,0.09193792,24000,15.687869787216187,0.09478133
674728_5223-lq.mp3,2366.4153002233356,0.26456180959939957,0.26308358,24000,11.698766946792603,0.27122006
674746_10912485-lq.mp3,740.2452978404866,0.2645658329129219,0.19130245,24000,13.518997430801392,0.19721903
676649_5674468-lq.mp3,521.8786208107133,0.2645658329129219,0.018589417,24000,14.53923225402832,0.019164348
676694_5674468-lq.mp3,548.0885338141022,0.2645658329129219,0.020864833,24000,14.229768514633179,0.02151014
676902_12579677-lq.mp3,1826.1359930378665,0.26456382125616074,0.06421073,22050,23.113067150115967,0.06619661
676957_12637308-lq.mp3,1385.448054177878,0.2645658329129219,0.0778875,24000,13.819268941879272,0.0802964
677376_14597403-lq.mp3,1144.2558252186177,0.26456281542778015,0.09882497,24000,16.163456439971924,0.101881385
677524_12579677-lq.mp3,1798.1907185630762,0.2645648270845413,0.020129176,24000,29.080965518951416,0.020751726
677636_12637308-lq.mp3,3381.2354876108043,0.2645668387413025,0.10563467,24000,13.316080570220947,0.10890173
67773_712494-lq.mp3,8190.760370992527,0.2642594836652279,0.049508106,24000,14.87233281135559,0.051037487
67774_712494-lq.mp3,431.4865470510367,0.2645648270845413,0.037047252,24000,18.393031358718872,0.038193043
677752_12637308-lq.mp3,878.5997860814081,0.2645668387413025,0.14218412,24000,12.852754592895508,0.14658159
678689_12637308-lq.mp3,1415.7711537882826,0.2645648270845413,0.11222257,24000,11.652758121490479,0.11569336
678937_14597403-lq.mp3,809.5887794863427,0.26456885039806366,0.037843585,24000,26.449990272521973,0.03901402
678938_14597403-lq.mp3,918.5014145380378,0.2645939588546753,0.041896913,24000,14.431935548782349,0.043192837
679536_14597403-lq.mp3,90.14011709896486,0.26457687839865685,0.11544531,24000,7.440950870513916,0.11901594
679537_14597403-lq.mp3,717.4361121877428,0.26456382125616074,0.043502327,24000,15.403906106948853,0.044847753
679538_14597403-lq.mp3,1883.7748248115097,0.26459094136953354,0.01530002,24000,17.000422477722168,0.015773263
679539_14597403-lq.mp3,475.6869394195078,0.26456885039806366,0.05079035,24000,13.511161804199219,0.05236121
679540_14597403-lq.mp3,367.45362634260516,0.26456885039806366,0.06581788,24000,10.984680652618408,0.06785351
679733_12637308-lq.mp3,120.5931809101069,0.2645658329129219,0.17494099,24000,10.608373880386353,0.18035156
680152_6253486-lq.mp3,3094.572805198022,0.2645658329129219,0.031964403,24000,16.652849912643433,0.032952994
680153_6253486-lq.mp3,4677.286471786986,0.26456180959939957,0.018435942,24000,29.428532123565674,0.019006118
680154_6253486-lq.mp3,3075.694944086871,0.26456885039806366,0.045310732,24000,19.801247119903564,0.04671211
680155_6253486-lq.mp3,3933.2009969056044,0.2645648270845413,0.016754732,24000,20.12883424758911,0.017272918
680156_6253486-lq.mp3,3050.0197699732134,0.26456382125616074,0.036506426,24000,16.275941133499146,0.037635483
681178_12637308-lq.mp3,212.06994443513364,0.2645678445696831,0.1488814,24000,11.910758018493652,0.15348603
682499_1648170-lq.mp3,911.9962284531349,0.2645588107407093,0.021224922,24000,13.369070291519165,0.021881346
682532_1648170-lq.mp3,1226.3497443279919,0.26456885039806366,0.015142574,24000,18.183025121688843,0.015610907
682990_9453283-lq.mp3,4122.030808096667,0.2645668387413025,0.013695861,24000,36.031458377838135,0.014119446
683011_12637308-lq.mp3,924.4292705997291,0.2645728550851345,0.047942176,24000,15.258307456970215,0.04942497
683096_6253486-lq.mp3,1268.2381850044737,0.2645648270845413,0.04854068,24000,14.477884769439697,0.050041936
683097_6253486-lq.mp3,1935.8524072145165,0.2645648270845413,0.052041423,24000,25.17145872116089,0.05365095
683098_6253486-lq.mp3,871.3249920978101,0.2645648270845413,0.014938834,24000,27.975986003875732,0.015400859
683099_6253486-lq.mp3,2715.7216077913954,0.2645648270845413,0.0068582133,24000,36.11417770385742,0.007070323
683100_6253486-lq.mp3,1320.6741637600821,0.2645648270845413,0.060535353,24000,20.42351245880127,0.06240758
683101_6253486-lq.mp3,1509.1082450718986,0.2645648270845413,0.019392794,24000,26.187381744384766,0.01999257
683102_6253486-lq.mp3,1965.5026621619306,0.2645648270845413,0.039527487,24000,26.528639793395996,0.040749986
683321_6253486-lq.mp3,1464.6376815502044,0.2645648270845413,0.13905513,24000,14.370110034942627,0.1433558
683322_6253486-lq.mp3,1464.4886509559221,0.2645658329129219,0.16520897,24000,15.040559768676758,0.17031853
683645_1648170-lq.mp3,1613.7702029300456,0.2645597979426384,0.010731581,24000,34.91234302520752,0.011063478
684547_5223-lq.mp3,2302.084565619584,0.26456885039806366,0.16024809,24000,16.290712356567383,0.16520427
684902_5223-lq.mp3,1986.547356272335,0.2645648270845413,0.13395138,24000,16.153379678726196,0.1380942
686105_71257-lq.mp3,1962.4341554772375,0.2645658329129219,0.054884568,24000,22.960002422332764,0.05658203
686805_14597403-lq.mp3,2290.798874205394,0.26467831805348396,0.09683445,24000,14.777536392211914,0.099830635
686806_14597403-lq.mp3,375.43419486008946,0.26456382125616074,0.050415196,24000,16.045491695404053,0.05197442
686807_14597403-lq.mp3,1175.291012574827,0.26458490639925003,0.039538633,24000,13.365182876586914,0.04076157
686808_14597403-lq.mp3,1478.324795067412,0.26459796354174614,0.09511285,24000,12.804449796676636,0.098054856
686809_14597403-lq.mp3,979.1576033112485,0.2645668387413025,0.06929446,24000,14.528268575668335,0.0714376
686810_14597403-lq.mp3,981.0905048283103,0.2645668387413025,0.050119355,24000,12.822028398513794,0.05166945
686811_14597403-lq.mp3,1180.3521475851387,0.26456885039806366,0.057943217,24000,14.432904720306396,0.059735302
687125_1648170-lq.mp3,1842.0028370927266,0.2645648270845413,0.02993373,24000,21.57325029373169,0.030859513
687374_14597403-lq.mp3,1202.5732166081011,0.26456281542778015,0.085438706,24000,18.451935052871704,0.088081114
688765_71257-lq.mp3,3533.5307295756247,0.2645648270845413,0.048640665,24000,22.398569583892822,0.05014501
690704_12637308-lq.mp3,34.81833557744358,0.2645658329129219,0.12195461,24000,12.813286781311035,0.12572642
692882_5223-lq.mp3,1798.6614502183477,0.26456885039806366,0.12907498,24000,15.130139589309692,0.13306704
693609_12637308-lq.mp3,808.2337864221028,0.2645738609135151,0.11470627,24000,13.406316041946411,0.118254
696049_12637308-lq.mp3,634.3847510549526,0.26456281542778015,0.07374385,24000,15.92972993850708,0.07602457
697083_15090270-lq.mp3,1019.7939790280562,0.26456382125616074,0.056509007,24000,15.621521472930908,0.0582567
698080_1648170-lq.mp3,1961.5067623874656,0.2645588107407093,0.01997726,24000,31.610028743743896,0.020595098
698099_15090270-lq.mp3,542.1095114052584,0.2645648270845413,0.069701746,24000,18.483750820159912,0.07185747
698191_4037248-lq.mp3,2436.599085962496,0.26456382125616074,0.05088454,24000,24.291529655456543,0.052458283
698943_15090270-lq.mp3,564.270398119758,0.26456281542778015,0.066287614,24000,15.979576110839844,0.06833773
699211_15090270-lq.mp3,1181.7446555243973,0.2645668387413025,0.013297869,24000,15.382766723632812,0.013709146
699213_15090270-lq.mp3,689.6162168251461,0.2645658329129219,0.021503685,24000,17.05714464187622,0.02216875
699878_1648170-lq.mp3,3035.074757640648,0.2645648270845413,0.0069902083,24000,23.663010597229004,0.0072064
700897_7037-lq.mp3,549.6032870695659,0.26456382125616074,0.049441885,24000,16.73768401145935,0.050971005
701232_15090270-lq.mp3,816.6970434938331,0.2645668387413025,0.051321767,24000,14.737063646316528,0.052909046
701233_15090270-lq.mp3,632.9404875094634,0.2645648270845413,0.049798194,24000,15.41192889213562,0.05133834
701620_321967-lq.mp3,2478.8936425706866,0.2645658329129219,0.028543817,24000,29.63611364364624,0.029426616
702092_7037-lq.mp3,680.9824308665919,0.2645678445696831,0.05508047,24000,20.32827854156494,0.056784004
702352_321967-lq.mp3,4543.991477090617,0.2645648270845413,0.04304358,24000,25.0022554397583,0.044374824
702479_7037-lq.mp3,1724.5783672395937,0.2645648270845413,0.04533237,24000,17.900044918060303,0.046734396
702480_7037-lq.mp3,1500.8616496339907,0.2645648270845413,0.026862329,24000,20.604183673858643,0.02769312
702515_321967-lq.mp3,1847.1768659990685,0.2645648270845413,0.1259232,24000,17.308794260025024,0.12981772
702571_4019029-lq.mp3,861.7467218046222,0.2645668387413025,0.051922694,24000,18.596519231796265,0.05352856
702572_4019029-lq.mp3,1455.7695259030093,0.2645658329129219,0.06997582,24000,18.758742809295654,0.07214003
702575_4019029-lq.mp3,2273.6797557938276,0.26456281542778015,0.13844724,24000,17.19878911972046,0.14272907
702864_15090270-lq.mp3,1134.6697872705631,0.2645648270845413,0.036184717,24000,18.030670881271362,0.03730383
702885_321967-lq.mp3,2075.057727220175,0.2645648270845413,0.10994151,24000,14.62594985961914,0.113341756
702908_5828667-lq.mp3,6799.946190182572,0.26459094136953354,0.06473154,24000,14.532363414764404,0.06673374
702910_7037-lq.mp3,841.1374477103896,0.2645668387413025,0.05492812,24000,18.721988201141357,0.05662694
703306_321967-lq.mp3,2677.806659722674,0.2645648270845413,0.13831057,24000,15.454914569854736,0.14258821
703314_7037-lq.mp3,2899.8279132211483,0.264560803771019,0.010636337,24000,35.270748138427734,0.0109652905
703348_7037-lq.mp3,1776.0228715727185,0.26457086205482483,0.026228625,24000,28.139047622680664,0.027039837
703349_7037-lq.mp3,1953.761631515808,0.2645668387413025,0.019436553,24000,27.95344591140747,0.020037686
703478_15090270-lq.mp3,669.5371385599695,0.2645648270845413,0.09909864,24000,15.279994010925293,0.10216354
703572_5223-lq.mp3,2193.3995197216077,0.26456382125616074,0.1387257,24000,14.663841724395752,0.14301616
703810_321967-lq.mp3,1912.4022512333759,0.2645658329129219,0.09302311,24000,19.61092710494995,0.09590011
703887_6142149-lq.mp3,1865.353118238747,0.2645648270845413,0.03691796,24000,13.161078691482544,0.03805975
703888_6142149-lq.mp3,4789.5183286487445,0.2645658329129219,0.0038622918,24000,16.208919286727905,0.0039817444
704427_321967-lq.mp3,1896.16020956016,0.2645648270845413,0.107031114,24000,17.517582178115845,0.110341355
704605_6142149-lq.mp3,2214.2119379271808,0.2645648270845413,0.06631149,24000,17.0071804523468,0.06836236
704606_6142149-lq.mp3,1994.3341075194319,0.2645658329129219,0.066117436,24000,13.950949907302856,0.06816231
704607_6142149-lq.mp3,1946.9290907467532,0.2645658329129219,0.06782714,24000,16.57976269721985,0.06992489
704608_6142149-lq.mp3,2217.7126750302277,0.2645648270845413,0.07842284,24000,15.331978797912598,0.080848284
704609_6142149-lq.mp3,2970.7926324140394,0.2645648270845413,0.0023438907,24000,32.880351543426514,0.002416382
704610_6142149-lq.mp3,1287.74856205078,0.26456382125616074,0.24080338,24000,6.404954195022583,0.24825087
704612_6142149-lq.mp3,4727.394124873966,0.2645648270845413,0.010511399,24000,21.94737434387207,0.010836493
704865_5223-lq.mp3,2318.104031267179,0.26456180959939957,0.12260438,24000,16.251574754714966,0.12639621
705004_5223-lq.mp3,2724.8778696407817,0.2645668387413025,0.16427192,24000,17.870289087295532,0.16935253
705274_321967-lq.mp3,3841.9136985558944,0.2645648270845413,0.20344277,24000,13.47147822380066,0.2097348
705314_5223-lq.mp3,2094.5526015547066,0.26456180959939957,0.1360708,24000,14.758899211883545,0.14027911
705763_5223-lq.mp3,2540.578511555139,0.2645648270845413,0.13052806,24000,15.368603467941284,0.13456501
705783_5828667-lq.mp3,6212.726881359769,0.2645648270845413,0.044130918,24000,18.625516891479492,0.04549579
705948_6142149-lq.mp3,249.18405671332368,0.2645668387413025,0.065785035,24000,13.347558975219727,0.06781963
705949_6142149-lq.mp3,1118.4579338425358,0.2645668387413025,0.062425014,24000,23.408830165863037,0.064355694
705950_6142149-lq.mp3,2096.916934696727,0.26456281542778015,0.035220418,24000,9.109418988227844,0.0363097
705951_6142149-lq.mp3,4709.79226401127,0.2645658329129219,0.009171491,24000,10.407816171646118,0.009455145
705952_6142149-lq.mp3,3919.5186897732992,0.2645648270845413,0.0332513,24000,12.952804565429688,0.03427969
706077_321967-lq.mp3,1434.0443994402626,0.2645648270845413,0.12755881,24000,16.96634292602539,0.13150392
706178_5223-lq.mp3,1774.5113250868455,0.26456382125616074,0.10659535,24000,16.21599316596985,0.10989209
706245_1648170-lq.mp3,1234.9113881510625,0.2645658329129219,0.02761096,24000,21.226449012756348,0.028464908
706338_5223-lq.mp3,2236.263742189176,0.26456281542778015,0.12376503,24000,15.211188793182373,0.12759277
706494_1648170-lq.mp3,1427.5209451190935,0.26456382125616074,0.01645792,24000,12.818166017532349,0.016966926
706533_10152894-lq.mp3,1095.9582669735398,0.2645658329129219,0.06323547,24000,13.800408840179443,0.06519121
706534_10152894-lq.mp3,1569.4639529898839,0.2645588107407093,0.058515944,24000,14.359148740768433,0.06032567
706603_5223-lq.mp3,1780.3105836852385,0.2645658329129219,0.12413134,24000,15.572954416275024,0.12797046
706748_321967-lq.mp3,1755.4239103309062,0.2645648270845413,0.12262738,24000,16.000068187713623,0.12641998
706927_5223-lq.mp3,1726.6562673040717,0.26456985622644424,0.12337088,24000,15.410863161087036,0.12718654
707114_1648170-lq.mp3,1327.0478691655258,0.2645648270845413,0.013900665,24000,17.521475553512573,0.014330582
707241_1089955-lq.mp3,1838.633129322346,0.2645648270845413,0.09865019,24000,17.331149578094482,0.10170122
707243_1089955-lq.mp3,1998.0963097234737,0.2645658329129219,0.07603178,24000,19.42257285118103,0.07838329
707590_6142149-lq.mp3,444.8743148489699,0.2645658329129219,0.4403394,24000,5.8520835638046265,0.45395815
707687_321967-lq.mp3,1412.6768371744454,0.2645597979426384,0.18442725,24000,14.633415937423706,0.19013107
707892_1089955-lq.mp3,1536.3752446461465,0.2645658329129219,0.08692246,24000,15.333991050720215,0.089610785
707893_1089955-lq.mp3,542.6777927371729,0.2645648270845413,0.031301968,24000,17.07726240158081,0.032270066
707894_1089955-lq.mp3,702.7900796344757,0.2645668387413025,0.12704386,24000,12.501517534255981,0.13097307
707895_1089955-lq.mp3,962.4161930605837,0.2645648270845413,0.07230515,24000,14.26912546157837,0.07454139
707967_1089955-lq.mp3,752.4847203919323,0.2645648270845413,0.122987375,24000,12.799110412597656,0.1267911
708190_1089955-lq.mp3,1375.1571994659225,0.2645648270845413,0.06731486,24000,19.47152614593506,0.069396764
708266_321967-lq.mp3,1469.852233745127,0.2645648270845413,0.1221703,24000,19.096291065216064,0.12594876
708267_5223-lq.mp3,1665.6067145743427,0.2645648270845413,0.14247502,24000,15.02690315246582,0.14688146
708571_10152894-lq.mp3,2154.047770213171,0.26457086205482483,0.014505416,24000,27.8769850730896,0.014954046
708575_10152894-lq.mp3,2127.977270633544,0.26456281542778015,0.018246477,24000,25.076112747192383,0.018810796
708578_10152894-lq.mp3,3728.3434510630777,0.2645648270845413,0.00931122,44100,34.13570165634155,0.009599195
708589_10152894-lq.mp3,1748.3334737632138,0.26457086205482483,0.015068927,24000,22.766406536102295,0.015534986
709035_7037-lq.mp3,612.0656159407467,0.264560803771019,0.09811572,24000,15.680056810379028,0.10115017
709115_1089955-lq.mp3,1236.1115118028283,0.2645588107407093,0.033077266,24000,28.796656131744385,0.03410025
709172_12187251-lq.mp3,3823.387059311938,0.2645648270845413,0.0880409,24000,15.455024242401123,0.090763815
709176_12187251-lq.mp3,1781.0780469142398,0.2645658329129219,0.08562118,24000,20.817995071411133,0.088269256
709194_12187251-lq.mp3,4076.4055429973837,0.26355838403105736,0.10591092,24000,14.51844573020935,0.109173864
709195_12187251-lq.mp3,5465.197467468605,0.26456281542778015,0.039176777,24000,23.100991249084473,0.04038842
709199_12187251-lq.mp3,531.7106077648602,0.2645648270845413,0.21667778,24000,12.782478332519531,0.22337914
709212_12187251-lq.mp3,336.0415055713883,0.26456180959939957,0.12465284,24000,17.411599159240723,0.12850803
709213_12187251-lq.mp3,3483.6540104933397,0.26450756937265396,0.143887,24000,11.950914859771729,0.14833613
709278_12187251-lq.mp3,4585.164869202672,0.2859687991440296,0.44590107,24000,6.5733402967453,0.46082598
709289_12187251-lq.mp3,891.3011833942124,0.2645648270845413,0.044402912,24000,14.449654817581177,0.045776196
709296_12187251-lq.mp3,960.5160084667866,0.2645648270845413,0.027359739,24000,28.724181652069092,0.028205916
709305_9034501-lq.mp3,2516.3173010504424,0.2645678445696831,0.02412564,24000,23.080945014953613,0.0248718
709341_5828667-lq.mp3,111.35479432397467,0.26456180959939957,0.10490733,24000,18.343769311904907,0.10815184
709422_4037248-lq.mp3,1009.9858750189205,0.2645728550851345,0.04766599,24000,24.77022409439087,0.049140237
709450_10152894-lq.mp3,2393.145974828354,0.264560803771019,0.015993055,44100,31.255433559417725,0.016487677
709477_10152894-lq.mp3,2595.7447899717936,0.2645748667418957,0.026212903,24000,19.269943237304688,0.02702364
709478_10152894-lq.mp3,2259.3160414136655,0.26456985622644424,0.02146531,24000,17.24985957145691,0.022129199
709482_9034501-lq.mp3,2448.4690519810815,0.26456985622644424,0.012140913,24000,26.32603406906128,0.012516411
709655_9034501-lq.mp3,2595.3576468295873,0.2645678445696831,0.020609673,24000,25.972864627838135,0.02124709
709722_5828667-lq.mp3,818.3662769567665,0.26456281542778015,0.015585942,24000,20.15857219696045,0.016067976
709883_15101941-lq.mp3,892.697260160076,0.2645648270845413,0.08691296,24000,17.50975489616394,0.08960098
709885_15101941-lq.mp3,900.2096429846684,0.2645648270845413,0.0048757805,24000,16.76867365837097,0.0050265775
709886_15101941-lq.mp3,1616.0514329776672,0.2645648270845413,0.043548483,24000,19.86662268638611,0.04489534
709908_321967-lq.mp3,1235.4866300130611,0.2645658329129219,0.076756135,24000,17.31861114501953,0.07913004
709924_9034501-lq.mp3,2434.792923105559,0.2645648270845413,0.011550604,24000,24.95335817337036,0.011907839
709976_15101941-lq.mp3,3094.9627031190366,0.26456382125616074,0.12724231,24000,17.652733325958252,0.13117762
709977_15101941-lq.mp3,2592.883067188718,0.26456382125616074,0.061385054,24000,26.173081398010254,0.06328355
709978_15101941-lq.mp3,4005.5364623031705,0.26452867314219475,0.011011638,24000,14.915328025817871,0.011352156
709979_15101941-lq.mp3,3616.3119725862975,0.26456382125616074,0.039326668,24000,13.370908498764038,0.04054295
709980_15101941-lq.mp3,5040.558698526975,0.2645648270845413,0.08713932,24000,14.790723323822021,0.08983435
710008_4037248-lq.mp3,1361.2419045171519,0.264560803771019,0.025698483,24000,25.291192531585693,0.026493268
710009_4037248-lq.mp3,1152.8079192565458,0.26456180959939957,0.006432326,24000,33.15328359603882,0.0066312617
710010_4037248-lq.mp3,1298.9773598814722,0.26456985622644424,0.05540158,24000,18.199673891067505,0.05711506
710011_4037248-lq.mp3,1192.255476684847,0.26456281542778015,0.03854074,24000,18.376648426055908,0.03973271
710012_4037248-lq.mp3,1287.727383692562,0.2645658329129219,0.035430096,24000,21.66339874267578,0.036525875
710013_4037248-lq.mp3,1114.205302446449,0.2645648270845413,0.06262304,24000,18.87191653251648,0.06455983
710014_4037248-lq.mp3,1296.0617445739788,0.26456180959939957,0.0335642,24000,20.80458641052246,0.03460225
710015_4037248-lq.mp3,2954.994736795539,0.2645648270845413,0.009323164,24000,25.784873962402344,0.009611509
710028_1089955-lq.mp3,1450.3702802785874,0.26456382125616074,0.043657687,24000,20.584096908569336,0.045007914
710073_4037248-lq.mp3,2316.7448532599406,0.26456180959939957,0.03713221,24000,25.816407203674316,0.038280614
710105_9034501-lq.mp3,1783.6920179545423,0.26456382125616074,0.028969346,24000,16.138769388198853,0.0298653
710108_12187251-lq.mp3,1023.6485115436127,0.26456885039806366,0.07957383,24000,17.049747705459595,0.08203491
710113_12187251-lq.mp3,1507.0978180363754,0.26456885039806366,0.015324356,24000,20.387659072875977,0.015798312
710167_12187251-lq.mp3,4015.7185103611146,0.2645678445696831,0.02126849,24000,21.706218719482422,0.021926286
710172_12187251-lq.mp3,4153.056870408347,0.26456885039806366,0.017627874,24000,25.48908233642578,0.018173074
710184_7037-lq.mp3,572.1819365388642,0.26456885039806366,0.08468293,24000,18.328843116760254,0.08730202
710233_5828667-lq.mp3,5558.104530146467,0.26456985622644424,0.011243386,24000,32.281715869903564,0.011591125
710273_7037-lq.mp3,754.3352172438197,0.2645668387413025,0.04059954,24000,14.192935228347778,0.041855205
710378_9034501-lq.mp3,1556.8088196465712,0.2645648270845413,0.095362745,24000,18.381996154785156,0.0983121
710557_9034501-lq.mp3,1513.1264487523745,0.2645648270845413,0.0380602,24000,15.717271566390991,0.039237317
710595_1089955-lq.mp3,887.4930788704286,0.26456281542778015,0.13748923,24000,15.416876077651978,0.14174144
710760_9034501-lq.mp3,2968.6418555308455,0.2645648270845413,0.030092316,24000,19.88824725151062,0.031023005
710926_1648170-lq.mp3,1203.0267056948778,0.2645648270845413,0.019802216,24000,17.705339193344116,0.020414656
710988_1015240-lq.mp3,2544.0404850106265,0.2645648270845413,0.22417286,24000,15.874967575073242,0.23110603
710999_9034501-lq.mp3,1280.7943754567746,0.2645658329129219,0.044941533,24000,15.701144933700562,0.04633148
711045_1015240-lq.mp3,3614.721214141646,0.26456180959939957,0.16684744,24000,13.128087520599365,0.17200759
711059_5828667-lq.mp3,2991.9541448964806,0.2645648270845413,0.026761374,24000,17.546381950378418,0.027589042
711069_8698658-lq.mp3,845.4779220394893,0.26456382125616074,0.13342959,24000,15.363606214523315,0.13755625
711070_8698658-lq.mp3,1736.065771212223,0.2645648270845413,0.107258976,24000,17.135995626449585,0.11057626
711071_8698658-lq.mp3,407.94112014206837,0.2645658329129219,0.104653694,24000,16.03562831878662,0.10789041
711082_1015240-lq.mp3,2704.9176537930216,0.2645738609135151,0.17245658,24000,13.104708194732666,0.17779046
711123_8698658-lq.mp3,554.995936468902,0.2645648270845413,0.10499854,24000,16.931016445159912,0.1082459
711130_5828667-lq.mp3,877.9268632672809,0.2645658329129219,0.018562958,24000,14.664815664291382,0.019137071
711131_5828667-lq.mp3,711.6312477583556,0.2645648270845413,0.014401725,24000,16.037782430648804,0.014847137
711132_5828667-lq.mp3,1329.2466572531987,0.26456382125616074,0.027453145,24000,15.248081684112549,0.028302206
711133_5828667-lq.mp3,1096.1976719292225,0.2645668387413025,0.020313764,24000,15.021110773086548,0.020942029
711134_5828667-lq.mp3,1706.598129002719,0.2645658329129219,0.04657125,24000,18.44604730606079,0.0480116
711146_15412548-lq.mp3,582.504307520446,0.26456382125616074,0.028870344,24000,16.027055978775024,0.029763237
711147_15412548-lq.mp3,857.8665437812267,0.2645658329129219,0.0494525,24000,13.583192825317383,0.050981957
711152_15412548-lq.mp3,657.0042119273704,0.2645668387413025,0.0748805,24000,13.846392631530762,0.077196404
711155_15412548-lq.mp3,1324.4637118592696,0.2645658329129219,0.06944428,24000,14.48384165763855,0.07159204
711169_1015240-lq.mp3,2953.7521855137543,0.2645648270845413,0.18228905,24000,13.635640144348145,0.18792684
711170_9034501-lq.mp3,1307.7672908116704,0.2645648270845413,0.042698458,24000,14.776819944381714,0.044019025
711194_1015240-lq.mp3,399.34744395314624,0.2645648270845413,0.09600813,24000,19.496601819992065,0.09897745
711195_1648170-lq.mp3,1512.006266851657,0.2645648270845413,0.009714559,24000,22.584779262542725,0.010015008
711211_1648170-lq.mp3,1128.9711500935489,0.2645597979426384,0.029837951,24000,13.865424394607544,0.030760754
711236_5828667-lq.mp3,959.9748123515191,0.2645658329129219,0.0066928226,24000,38.95889759063721,0.0068998174
711245_7037-lq.mp3,611.8636083881631,0.2645728550851345,0.0429149,24000,14.770863056182861,0.044242203
711246_1015240-lq.mp3,2439.7199631058456,0.2645648270845413,0.16055287,24000,13.345121145248413,0.16551842
711267_321967-lq.mp3,787.9026994607166,0.2645658329129219,0.20499761,24000,11.729367971420288,0.21133776
711275_15403889-lq.mp3,1118.535292349016,0.2645648270845413,0.03616587,24000,18.00265073776245,0.0372844
711276_15412548-lq.mp3,1037.8195419082488,0.26456382125616074,0.060011484,24000,15.507347583770752,0.061867498
711277_15412548-lq.mp3,565.0364327866594,0.2645658329129219,0.06624859,24000,15.974013805389404,0.06829752
711278_15412548-lq.mp3,572.3923835649485,0.2645678445696831,0.08001536,24000,13.811249732971191,0.08249009
711279_15412548-lq.mp3,832.827109308662,0.2645648270845413,0.10846892,24000,13.080960512161255,0.111823626
711280_15412548-lq.mp3,867.8491415213973,0.2645668387413025,0.032442883,24000,16.37701153755188,0.03344628
711281_5828667-lq.mp3,1918.3405549116087,0.2645648270845413,0.0034474153,24000,33.08387279510498,0.0035540364
711283_9034501-lq.mp3,1755.3884808448968,0.2645658329129219,0.013513101,24000,16.87523603439331,0.013931033
711284_1648170-lq.mp3,2418.8022161461063,0.2645678445696831,0.016656695,24000,30.80036163330078,0.017171856
711318_5223-lq.mp3,2624.25060588667,0.2645678445696831,0.22335564,24000,12.973473072052002,0.23026362
711326_1015240-lq.mp3,482.3239404944976,0.2645648270845413,0.11819414,24000,16.897246837615967,0.12184963
711348_1648170-lq.mp3,3086.9663822082216,0.26455478742718697,0.013380225,24000,17.34797477722168,0.01379403
711457_1648170-lq.mp3,1431.6455880781004,0.2645658329129219,0.026017895,24000,26.393709182739258,0.026822573
711483_15412548-lq.mp3,561.3308412933761,0.2645648270845413,0.04361779,24000,13.800508975982666,0.04496679
711484_15412548-lq.mp3,841.7018141560592,0.264560803771019,0.15511066,24000,12.805588245391846,0.15990782
711485_15412548-lq.mp3,443.592039214226,0.26456885039806366,0.1358053,24000,12.550655603408813,0.14000551
711486_15412548-lq.mp3,678.6196978411198,0.2645658329129219,0.03937816,24000,13.485169410705566,0.04059604
711487_15412548-lq.mp3,497.9669855033892,0.2645648270845413,0.042988997,24000,13.731979131698608,0.044318553
711488_15412548-lq.mp3,348.586006000247,0.26456382125616074,0.1369624,24000,8.668741583824158,0.14119832
711490_15403889-lq.mp3,843.3152554983427,0.26456281542778015,0.15507434,24000,12.672480344772339,0.15987042
711492_15403889-lq.mp3,567.4983114261747,0.2645648270845413,0.043576956,24000,13.755735158920288,0.044924695
711493_15403889-lq.mp3,444.12459812387596,0.2645658329129219,0.13574956,24000,12.444062232971191,0.13994801
711494_15403889-lq.mp3,686.9974128677966,0.26456382125616074,0.039326314,24000,13.535090684890747,0.040542584
711495_15403889-lq.mp3,511.90080175108494,0.2645648270845413,0.042945623,24000,13.717265129089355,0.04427384
711496_15403889-lq.mp3,356.3088775261171,0.2645648270845413,0.13687637,24000,8.699491620063782,0.14110966
711516_1015240-lq.mp3,1442.8988242462408,0.2645658329129219,0.17923886,24000,13.038640022277832,0.18478233
711517_1648170-lq.mp3,2060.3963842312005,0.26456985622644424,0.0064516757,24000,16.429457664489746,0.0066512153
711561_5674468-lq.mp3,709.695327794283,0.2645648270845413,0.01989268,24000,16.84008002281189,0.020507915
711563_5674468-lq.mp3,843.7847279798851,0.26456382125616074,0.03491009,24000,17.96889901161194,0.035989776
711630_5674468-lq.mp3,675.0080270416994,0.2645658329129219,0.05244185,24000,13.130556344985962,0.054063763
711631_1648170-lq.mp3,2408.2652303394766,0.2645658329129219,0.008688103,24000,24.184575080871582,0.008956809
711635_15090270-lq.mp3,843.104349026363,0.26456180959939957,0.15507275,24000,12.80065655708313,0.15986875
711636_15090270-lq.mp3,444.08489491443004,0.26456382125616074,0.13573723,24000,12.53664255142212,0.13993526
711637_15090270-lq.mp3,568.7327841199542,0.2645658329129219,0.043564767,24000,13.956698179244995,0.044912133
711638_15090270-lq.mp3,685.7407446919311,0.2645648270845413,0.03933628,24000,13.439018726348877,0.040552862
711639_15090270-lq.mp3,511.0576809615002,0.2645648270845413,0.042946164,24000,13.727549314498901,0.044274393
711640_15090270-lq.mp3,356.4112028199777,0.26456281542778015,0.13689353,24000,8.656195998191833,0.1411273
711641_12637308-lq.mp3,3186.3994309529753,0.2645648270845413,0.07946086,24000,17.687697410583496,0.08191841
711642_12637308-lq.mp3,32.3422053238695,0.2645678445696831,0.16504824,24000,14.735677242279053,0.17015287
711643_12637308-lq.mp3,826.2779905206985,0.2645678445696831,0.13757366,24000,13.654553890228271,0.14182855
711647_12637308-lq.mp3,3489.123793210193,0.26456382125616074,0.1427134,24000,13.868470191955566,0.1471272
711660_15403889-lq.mp3,1022.3719491062054,0.26456382125616074,0.031762008,24000,21.034014225006104,0.032744333
711662_15403889-lq.mp3,633.9396769052503,0.2645658329129219,0.04155005,24000,14.467904567718506,0.04283511
711663_15403889-lq.mp3,747.4210959351923,0.26456281542778015,0.07175905,24000,13.536527156829834,0.07397839
711664_15403889-lq.mp3,976.319415762767,0.26456382125616074,0.06642667,24000,12.45010256767273,0.068481095
711665_15403889-lq.mp3,838.0718794418107,0.2645668387413025,0.033959433,24000,15.138763189315796,0.03500973
711703_15101941-lq.mp3,2684.8568345000303,0.2645648270845413,0.05155647,24000,25.87965965270996,0.053151
711704_15101941-lq.mp3,1485.389514027755,0.2645658329129219,0.019587982,24000,23.21887731552124,0.020193797
711705_15101941-lq.mp3,706.1090225760968,0.2645668387413025,0.054828737,24000,16.408331394195557,0.056524478
711706_15101941-lq.mp3,895.0963915433031,0.2645648270845413,0.017148199,24000,15.383789539337158,0.017678555
711707_15101941-lq.mp3,1457.75112692378,0.2645648270845413,0.11332951,24000,17.815091609954834,0.116834536
711708_1015240-lq.mp3,1190.1555861095228,0.2645658329129219,0.16009827,22050,13.477847576141357,0.16504978
711741_1648170-lq.mp3,1393.2093774093273,0.2645658329129219,0.018495997,24000,29.98051643371582,0.01906804
711744_5223-lq.mp3,2654.194049953517,0.2645658329129219,0.2179361,24000,13.47959280014038,0.2246764
711786_9034501-lq.mp3,496.5852105485513,0.26455478742718697,0.078598455,24000,16.42499566078186,0.08102924
711789_10152894-lq.mp3,4261.908291024536,0.26456885039806366,0.023389785,44100,23.523941040039062,0.02411319
711790_1719057-lq.mp3,1147.7552944713786,0.26456281542778015,0.025021743,24000,22.80999183654785,0.025795605
711791_10152894-lq.mp3,2975.907870536383,0.2645668387413025,0.017390352,24000,21.363773345947266,0.0179282
711794_10323256-lq.mp3,1446.7637563557635,0.2645658329129219,0.072420076,24000,15.099352598190308,0.07465988
711798_1648170-lq.mp3,1115.793058155132,0.2645678445696831,0.00944904,24000,18.38202476501465,0.009741281
711856_5674468-lq.mp3,979.5580238179876,0.2645658329129219,0.029148342,24000,15.711615085601807,0.03004984
711858_10323256-lq.mp3,2345.1258682939906,0.2645648270845413,0.031473275,24000,22.208251953125,0.032446675
711874_14988552-lq.mp3,532.6028698319651,0.26456382125616074,0.07212593,24000,17.975839376449585,0.074356616
711875_14988552-lq.mp3,711.1609643020083,0.2645668387413025,0.091378585,24000,13.973441123962402,0.09420474
711876_14988552-lq.mp3,641.9152062415923,0.2645658329129219,0.06578988,24000,16.09615921974182,0.067824624
711877_14988552-lq.mp3,1348.0417084787955,0.2645658329129219,0.08888539,24000,17.80470371246338,0.09163442
711878_14988552-lq.mp3,3139.6712490599657,0.2645658329129219,0.014812339,24000,26.941251754760742,0.015270454
711879_14988552-lq.mp3,1452.9369666316632,0.2645648270845413,0.07344404,24000,20.719013214111328,0.0757155
711880_14988552-lq.mp3,955.7209732530991,0.2645648270845413,0.035174176,24000,23.575785160064697,0.036262035
711881_14988552-lq.mp3,1179.3108425841926,0.26456382125616074,0.04928864,24000,23.26930522918701,0.050813027
711885_14988552-lq.mp3,1639.3091673942522,0.2645658329129219,0.06052806,24000,22.379322052001953,0.06240006
711886_14988552-lq.mp3,1824.9870538580556,0.2645648270845413,0.012445171,24000,31.58123016357422,0.012830073
711887_14988552-lq.mp3,4129.504538757503,0.2645658329129219,0.05943923,24000,21.69703960418701,0.06127756
711888_14988552-lq.mp3,1358.5385880793415,0.2645588107407093,0.06741319,24000,23.019957542419434,0.06949808
711889_14988552-lq.mp3,3201.082754898812,0.2645658329129219,0.11238148,24000,16.61579966545105,0.1158572
711890_14988552-lq.mp3,4138.5447892713355,0.2645648270845413,0.09256065,24000,17.444251775741577,0.09542335
711891_14988552-lq.mp3,3887.2678932035474,0.2645658329129219,0.13094077,24000,15.326859951019287,0.13499048
711930_1015240-lq.mp3,2983.868563318859,0.2645648270845413,0.045575857,44100,25.434470176696777,0.046985418
711941_5674468-lq.mp3,523.761175190107,0.2645648270845413,0.029703485,24000,11.77799105644226,0.030622149
711946_5223-lq.mp3,2777.538921483971,0.2645648270845413,0.2576388,24000,12.889814376831055,0.265607
711950_2810953-lq.mp3,3569.3850096699953,0.2645658329129219,0.015207615,24000,28.54252815246582,0.015677955
711956_10912485-lq.mp3,1096.5856870513219,0.2645648270845413,0.0032827284,24000,16.125235557556152,0.0033842558
711975_4037248-lq.mp3,1543.809952756568,0.26456180959939957,0.014630412,24000,23.521857261657715,0.015082893
711976_4037248-lq.mp3,8985.782478230114,0.2645648270845413,0.0034301146,24000,20.35170078277588,0.0035362004
711977_4037248-lq.mp3,1373.7928564695214,0.2645678445696831,0.012275701,24000,27.09766387939453,0.012655365
711978_4037248-lq.mp3,1282.5472255314273,0.2645648270845413,0.0114098415,24000,18.985261917114258,0.011762722
711979_4037248-lq.mp3,2606.9279725308716,0.2645668387413025,0.016310107,24000,29.772322177886963,0.016814547
711980_4037248-lq.mp3,2033.4834201505053,0.26456281542778015,0.036657516,24000,26.34476661682129,0.037791245
711981_4037248-lq.mp3,2713.028195600013,0.2645658329129219,0.013502875,24000,34.96532201766968,0.013920491
711995_1648170-lq.mp3,2790.319554274505,0.26456885039806366,0.01027553,24000,19.382567405700684,0.010593334
712004_5828667-lq.mp3,4624.017587480372,0.2646291069686413,0.06512571,24000,20.324625968933105,0.0671404
712016_1015240-lq.mp3,3501.8121158958033,0.2645648270845413,0.1582363,24000,15.309933423995972,0.1631302
712017_8698658-lq.mp3,773.2453535593585,0.2645648270845413,0.084102936,24000,20.416159629821777,0.08670405
712022_8698658-lq.mp3,2662.1667063505056,0.2645648270845413,0.07880397,24000,18.495571613311768,0.081241205
712023_8698658-lq.mp3,3539.7078141430634,0.26456382125616074,0.02363765,24000,27.927727699279785,0.024368707
712025_8698658-lq.mp3,4093.879483917153,0.2645658329129219,0.054797113,24000,20.676734447479248,0.056491874
712028_5674468-lq.mp3,724.8150234600001,0.2645648270845413,0.03171295,24000,13.911828994750977,0.03269376
712030_4037248-lq.mp3,2346.3691145579683,0.26456180959939957,0.01989907,24000,27.02626943588257,0.020514498
712041_8698658-lq.mp3,1727.2198771252345,0.2645658329129219,0.086615086,24000,16.81760549545288,0.089293905
712052_10912485-lq.mp3,1248.7035249154271,0.2645658329129219,0.13912432,24000,13.542040586471558,0.14342713
712057_10912485-lq.mp3,853.5814613576343,0.26456382125616074,0.07246315,24000,21.157617568969727,0.07470427
712064_1648170-lq.mp3,2292.882325210591,0.26456885039806366,0.002957559,24000,14.029407501220703,0.0030490311
712065_8698658-lq.mp3,2530.766926191155,0.2645658329129219,0.07205474,24000,17.421520948410034,0.074283235
712066_8698658-lq.mp3,1794.3461113218057,0.26456382125616074,0.121509105,24000,16.90050482749939,0.1252671
712067_8698658-lq.mp3,1458.403500240476,0.26456382125616074,0.12033925,24000,16.310771703720093,0.12406107
712069_1015240-lq.mp3,1572.0049426885719,0.2645668387413025,0.13733616,24000,15.879950523376465,0.1415837
712073_8698658-lq.mp3,629.5459955530129,0.2645648270845413,0.072091945,24000,21.52064800262451,0.07432159
712074_7037-lq.mp3,653.6775001147362,0.2645658329129219,0.034160845,24000,15.482333898544312,0.035217367
712075_7037-lq.mp3,847.148807539244,0.2645648270845413,0.030982008,24000,14.641380310058594,0.031940214
712080_5674468-lq.mp3,481.84353021597525,0.26456382125616074,0.03926839,24000,13.288942575454712,0.040482868
712082_1015240-lq.mp3,1490.8163668153352,0.26456382125616074,0.101663284,24000,17.98222064971924,0.104807496
712089_5674468-lq.mp3,799.8670003120604,0.26456180959939957,0.039064065,24000,13.92336130142212,0.040272217
712090_12637308-lq.mp3,274.56582921788356,0.2645648270845413,0.4141489,24000,6.647577285766602,0.42695758
712106_5223-lq.mp3,2097.086827599425,0.26456180959939957,0.20979427,24000,14.442189931869507,0.21628267
712107_9034501-lq.mp3,1467.0960394850358,0.26456382125616074,0.052668076,24000,19.60451602935791,0.054296978
712109_15412548-lq.mp3,444.88700546243075,0.2645668387413025,0.033241242,24000,13.925118446350098,0.03426933
712110_15412548-lq.mp3,326.44692266430906,0.2645658329129219,0.027502816,24000,12.553355693817139,0.02835342
712111_15412548-lq.mp3,624.0336796694799,0.2645648270845413,0.076699615,24000,15.518553256988525,0.07907176
712113_10323256-lq.mp3,2326.101139013998,0.2645658329129219,0.040451054,24000,19.911644458770752,0.041702118
712114_15403889-lq.mp3,562.4139391424499,0.26456281542778015,0.08612851,24000,13.52244257926941,0.08879226
712115_15403889-lq.mp3,490.84181334550726,0.2645648270845413,0.06463188,24000,14.347805976867676,0.0666308
712116_10323256-lq.mp3,2379.010973097222,0.2645648270845413,0.039148178,24000,22.352240085601807,0.040358942
712117_15403889-lq.mp3,360.6376632736964,0.2645658329129219,0.058772717,24000,13.831088542938232,0.06059043
712122_14909076-lq.mp3,1196.8643360002725,0.2646401524543762,0.071026206,24000,15.233581066131592,0.073223524
712139_10152894-lq.mp3,2195.03506113959,0.2645658329129219,0.0072143273,24000,35.23658275604248,0.0074374513
712140_10152894-lq.mp3,1552.921506054476,0.26456281542778015,0.00787193,24000,14.541537761688232,0.008115389
712141_10152894-lq.mp3,1791.915880404805,0.26456382125616074,0.038164336,24000,21.646006107330322,0.03934467
712142_10152894-lq.mp3,2480.9932385309066,0.2645658329129219,0.039200764,24000,12.60150671005249,0.04041316
712148_1648170-lq.mp3,1950.6398935937038,0.2645668387413025,0.0077139763,24000,16.70875906944275,0.007952554
712172_4037248-lq.mp3,1147.2475733895612,0.26456281542778015,0.013222209,24000,29.027748107910156,0.01363114
712173_4037248-lq.mp3,1781.0095110984428,0.2645678445696831,0.018558305,24000,28.2816743850708,0.019132279
712175_4037248-lq.mp3,1121.7585700928582,0.2645658329129219,0.029401027,24000,23.037822246551514,0.030310338
712176_4037248-lq.mp3,1448.2776767118116,0.26456382125616074,0.016073182,24000,22.075467109680176,0.016570289
712177_4037248-lq.mp3,1156.4877005729602,0.26456885039806366,0.029625364,24000,23.742692470550537,0.030541623
712180_5674468-lq.mp3,666.4303496644225,0.2645668387413025,0.03336592,24000,13.584839105606079,0.034397863
712187_9931663-lq.mp3,2781.9142777927427,0.2645648270845413,0.03135517,24000,25.596556663513184,0.032324914
712188_12637308-lq.mp3,1205.4935778981962,0.2645658329129219,0.19446209,24000,11.361536979675293,0.2004764
712202_5223-lq.mp3,1835.1225827367318,0.26456382125616074,0.15199105,24000,15.949206352233887,0.15669179
712208_7785680-lq.mp3,3405.4006125817223,0.2645658329129219,0.008680862,24000,40.78857898712158,0.008949343
712209_7785680-lq.mp3,3336.7162014511287,0.2645648270845413,0.007202648,24000,41.51008605957031,0.00742541
712210_5674468-lq.mp3,722.4803387778262,0.2645668387413025,0.031632595,24000,13.660314083099365,0.032610927
712213_10323256-lq.mp3,1601.6091595507983,0.2645648270845413,0.0678919,24000,20.569345951080322,0.06999165
712218_12187251-lq.mp3,989.2000690647548,0.26456985622644424,0.041378267,24000,16.639835834503174,0.042658027
712224_15448660-lq.mp3,2677.246006995377,0.2645648270845413,0.21613888,24000,14.514918327331543,0.22282359
712225_15448660-lq.mp3,2468.5225776361317,0.2645648270845413,0.06584691,24000,26.1014723777771,0.06788341
712226_15448660-lq.mp3,4233.891062103818,0.2645648270845413,0.053696275,24000,28.112566471099854,0.055356983
712227_15448660-lq.mp3,2726.581257754768,0.2645658329129219,0.11264018,24000,20.95280170440674,0.1161239
712228_15448660-lq.mp3,3368.6460779608797,0.2645648270845413,0.0568062,24000,27.474701404571533,0.05856309
712229_15448660-lq.mp3,3885.517687384935,0.2645648270845413,0.052795053,24000,26.985187530517578,0.05442789
712230_15448660-lq.mp3,3304.6013655503525,0.2645668387413025,0.031521674,24000,31.55283212661743,0.032496575
712231_15448660-lq.mp3,4095.7770470560963,0.2645648270845413,0.07816203,24000,23.79011631011963,0.08057941
712232_14909076-lq.mp3,1978.0775298057233,0.2645929530262947,0.10337594,24000,13.88845443725586,0.10657348
712294_1648170-lq.mp3,1377.421112860761,0.2645658329129219,0.02244254,24000,14.754815101623535,0.023136642
712295_1015240-lq.mp3,1883.4603690826157,0.2645648270845413,0.1037176,24000,17.973560094833374,0.10692536
712298_15090270-lq.mp3,709.9163501532636,0.2645648270845413,0.03209691,24000,14.649920463562012,0.033089597
712302_15090270-lq.mp3,714.0333248068123,0.2645658329129219,0.03344322,24000,13.873575925827026,0.034477547
712303_15090270-lq.mp3,826.4342419126583,0.26456281542778015,0.032364037,24000,14.894634485244751,0.033364978
712304_15090270-lq.mp3,1353.5620231477708,0.26456885039806366,0.099149026,24000,18.100359439849854,0.10221553
712305_15090270-lq.mp3,686.4856824633162,0.2645658329129219,0.12051369,24000,14.345147609710693,0.12424093
712306_15090270-lq.mp3,1049.0225587453938,0.2645648270845413,0.06685269,24000,16.70347809791565,0.06892029
712307_15090270-lq.mp3,797.7870961392435,0.26456382125616074,0.13370605,24000,12.948466539382935,0.13784127
712308_15090270-lq.mp3,920.4991073204786,0.26456382125616074,0.106113106,24000,12.133876085281372,0.10939494
712309_15090270-lq.mp3,1125.2182600280885,0.2645668387413025,0.049742736,24000,12.440823316574097,0.05128118
712317_15448864-lq.mp3,2174.630633743909,0.2645648270845413,0.08460439,48000,13.497737646102905,0.08722102
712318_15448864-lq.mp3,1921.6409322175111,0.2645678445696831,0.09437597,48000,14.277678728103638,0.09729484
712319_15448864-lq.mp3,2199.4292254191123,0.2645678445696831,0.10789846,48000,16.08761191368103,0.11123555
712320_15448864-lq.mp3,2759.4948692903404,0.26457086205482483,0.10080453,48000,17.424888610839844,0.10392226
712321_15448864-lq.mp3,2079.619475227881,0.2645678445696831,0.07243564,48000,13.477919101715088,0.07467594
712322_15448864-lq.mp3,1759.5507485799478,0.2645658329129219,0.041537773,48000,16.549705266952515,0.042822447
712323_15448864-lq.mp3,2633.777287093454,0.26456382125616074,0.071001604,48000,15.106260776519775,0.07319752
712324_15448864-lq.mp3,2129.8409059910564,0.26457687839865685,0.07356116,48000,14.240525960922241,0.07583635
712325_15448864-lq.mp3,1952.1869690898516,0.2645658329129219,0.062590085,48000,12.823213338851929,0.064525865
712326_15448864-lq.mp3,2138.15628247895,0.2645658329129219,0.07272083,48000,17.876944541931152,0.07496993
712327_15448864-lq.mp3,1910.3589352260988,0.26457587257027626,0.077615626,48000,20.918519496917725,0.0800162
712328_15448864-lq.mp3,1881.2936933156416,0.26457086205482483,0.08348898,48000,14.218920469284058,0.08607116
712329_15448864-lq.mp3,1775.4290836428056,0.26457587257027626,0.057080533,48000,13.268247842788696,0.058845982
712330_15448864-lq.mp3,1862.5882828118279,0.2645668387413025,0.08327919,48000,13.160654306411743,0.08585485
712331_15448864-lq.mp3,1775.3784848624057,0.2645658329129219,0.060849223,48000,15.232378244400024,0.06273116
712342_15314137-lq.mp3,808.2604649358859,0.2645658329129219,0.013386153,24000,18.42594861984253,0.013800158
712343_15314137-lq.mp3,800.8161519315704,0.2645658329129219,0.023144035,24000,14.654887914657593,0.02385983
712344_15314137-lq.mp3,870.8430513658551,0.2645648270845413,0.027711364,24000,13.730164766311646,0.028568415
712345_15314137-lq.mp3,1025.9969396139795,0.26456281542778015,0.0235476,24000,21.151106357574463,0.024275867
712346_15314137-lq.mp3,657.6471496629488,0.2645658329129219,0.0211511,24000,18.290071487426758,0.021805258
712347_15314137-lq.mp3,1021.7343475907458,0.26456281542778015,0.020326413,24000,15.442980527877808,0.02095506
712348_4037248-lq.mp3,2614.7913441957853,0.2645728550851345,0.015751477,24000,23.49273443222046,0.01623865
712349_4037248-lq.mp3,2789.62480257043,0.2645728550851345,0.010723521,24000,31.57644510269165,0.011055186
712350_15314137-lq.mp3,2370.0648730013677,0.2645648270845413,0.011164378,24000,23.510537147521973,0.011509668
712351_15314137-lq.mp3,2362.5601852189243,0.26456382125616074,0.014034782,24000,28.142070770263672,0.014468844
712352_15314137-lq.mp3,2816.5861506965325,0.2645648270845413,0.009720646,24000,30.699636936187744,0.010021283
712356_15314137-lq.mp3,554.2057410729577,0.2645668387413025,0.022049163,24000,27.621705532073975,0.0227311
712357_15314137-lq.mp3,1618.4126793706323,0.2645678445696831,0.04092853,24000,21.70030117034912,0.042194374
712385_1089955-lq.mp3,3041.2804142240325,0.2645718678832054,0.08900124,44100,20.57514190673828,0.09175392
712425_5828667-lq.mp3,921.2186054075878,0.2645648270845413,0.008311519,24000,24.72984790802002,0.008568577
712432_15110067-lq.mp3,172.32312674134718,0.26456382125616074,0.20644063,24000,13.072481155395508,0.21282534
712447_1015240-lq.mp3,2164.607438587991,0.2645668387413025,0.12308884,24000,16.016194820404053,0.12689573
712448_15314137-lq.mp3,2818.8358729062284,0.26456281542778015,0.044630505,24000,14.942677021026611,0.04601082
712449_15314137-lq.mp3,2893.8523846191574,0.26456382125616074,0.054603584,24000,17.063133716583252,0.056292344
712450_15314137-lq.mp3,1799.9726221373146,0.26456281542778015,0.029917685,24000,19.22961950302124,0.030842967
712451_15314137-lq.mp3,2357.4155567553694,0.26456281542778015,0.037975617,24000,16.877471208572388,0.03915011
712455_5674468-lq.mp3,664.9984872821746,0.2645658329129219,0.024834033,24000,14.376784563064575,0.025602097
712456_8698658-lq.mp3,1364.6491826567317,0.2645668387413025,0.08137445,24000,19.56542134284973,0.0838912
712458_8698658-lq.mp3,1056.0134531132476,0.2645648270845413,0.07651051,24000,19.680904150009155,0.07887681
712465_1089955-lq.mp3,2650.044366004119,0.264608021825552,0.12740915,24000,12.632955312728882,0.13135028
712466_1089955-lq.mp3,1360.4520505543576,0.26456382125616074,0.09671063,24000,17.730367183685303,0.099701665
712479_1089955-lq.mp3,1421.7453749002693,0.2645658329129219,0.08460213,24000,15.056155920028687,0.087218694
712480_1089955-lq.mp3,5571.814568212865,0.2645597979426384,0.06647577,44100,23.578271865844727,0.06853168
712493_7037-lq.mp3,690.233369894501,0.2645648270845413,0.062348742,24000,17.90064573287964,0.06427705
712495_1089955-lq.mp3,4922.289438767567,0.2645668387413025,0.07120883,44100,23.265042304992676,0.073411174
712496_1089955-lq.mp3,3960.846594166871,0.26456382125616074,0.19758539,44100,13.900915384292603,0.20369625
712497_1089955-lq.mp3,5340.653079357257,0.2645668387413025,0.083177835,44100,21.054461002349854,0.08575036
712498_1089955-lq.mp3,4492.72467103247,0.26456382125616074,0.10838402,24000,19.78659987449646,0.11173609
712531_15452710-lq.mp3,1910.540291121981,0.2645658329129219,0.06701446,44100,13.023723363876343,0.06908708
712532_15452710-lq.mp3,1394.8309888884046,0.26457788422703743,0.03724523,44100,13.248698711395264,0.0383972
712533_15452710-lq.mp3,1908.8505860344915,0.264578890055418,0.03877626,44100,16.038076877593994,0.039975587
712534_15452710-lq.mp3,1367.174801071102,0.2645738609135151,0.030209806,44100,18.96294355392456,0.031144159
712535_15452710-lq.mp3,1669.7504642545334,0.2645648270845413,0.039423097,44100,14.366059303283691,0.040642366
712536_15452710-lq.mp3,1642.0008615776283,0.2645678445696831,0.04275397,44100,13.271856307983398,0.044076268
712537_15452710-lq.mp3,1970.3597921882656,0.2645809017121792,0.052199077,44100,18.265111446380615,0.053813577
712538_15452710-lq.mp3,2093.8070151565585,0.2645738609135151,0.09365264,44100,12.779202461242676,0.09654921
712539_15452710-lq.mp3,2129.2073519836,0.2645809017121792,0.05458931,44100,22.265377044677734,0.05627774
712540_15452710-lq.mp3,1336.2700226400268,0.26456985622644424,0.049191076,44100,13.387675285339355,0.050712477
712541_15452710-lq.mp3,1428.5634089878529,0.2645648270845413,0.061954614,44100,20.337932109832764,0.063870735
712542_15452710-lq.mp3,2132.475327559755,0.26457587257027626,0.050769936,44100,13.178284168243408,0.052340206
712543_15452710-lq.mp3,1882.215757063923,0.2645648270845413,0.044309236,44100,13.811166286468506,0.04567962
712544_15452710-lq.mp3,1619.808279125978,0.2645658329129219,0.053438175,44100,12.783976793289185,0.055090904
712545_15452710-lq.mp3,2324.058190188653,0.2645798958837986,0.06703388,44100,15.260891914367676,0.06910721
712548_15101941-lq.mp3,3047.785166154691,0.2645658329129219,0.016184403,24000,14.143779277801514,0.016684951
712549_15101941-lq.mp3,2201.44821167715,0.2645658329129219,0.0023559318,24000,21.447784900665283,0.002428796
712550_15101941-lq.mp3,3226.242319492618,0.2645648270845413,0.10702905,24000,20.581660270690918,0.11033922
712551_15101941-lq.mp3,4519.631770393922,0.2645648270845413,0.08856844,24000,20.289123058319092,0.09130766
712552_15101941-lq.mp3,3634.2786782641447,0.2645658329129219,0.018469682,24000,18.825048208236694,0.01904091
712559_5674468-lq.mp3,562.7609441170478,0.26456382125616074,0.034380134,24000,13.00083041191101,0.035443433
712561_5674468-lq.mp3,710.0787950070275,0.2645658329129219,0.059167713,24000,13.182042837142944,0.060997646
712562_9034501-lq.mp3,1588.95116487573,0.26456382125616074,0.05284824,24000,19.664690494537354,0.054482713
712564_5828667-lq.mp3,560.661150168144,0.2645648270845413,0.031652816,24000,11.913293600082397,0.032631766
712570_1648170-lq.mp3,2807.39360228159,0.2645648270845413,0.01299291,24000,23.44034194946289,0.0133947525
712571_1648170-lq.mp3,1613.6118706787051,0.26456382125616074,0.0042451876,24000,19.854371547698975,0.0043764813
712588_1089955-lq.mp3,975.5105302429449,0.2645668387413025,0.17201538,24000,14.701038599014282,0.17733547
712612_5674468-lq.mp3,629.8903779199949,0.2645658329129219,0.029741725,24000,13.999418020248413,0.030661575
712619_1089955-lq.mp3,5523.41918620149,0.2645658329129219,0.04011788,44100,28.12904119491577,0.04135864
712620_1089955-lq.mp3,4197.374947956722,0.26456885039806366,0.08295133,44100,21.133346557617188,0.08551687
712626_1089955-lq.mp3,4095.674459134932,0.2645658329129219,0.04606662,24000,21.51965618133545,0.047491364
712627_1089955-lq.mp3,1796.818876121735,0.26456985622644424,0.049691074,24000,19.590394496917725,0.05122794
712628_321967-lq.mp3,1741.597091878862,0.2645648270845413,0.09403698,24000,17.883893251419067,0.09694534
712629_5828667-lq.mp3,3972.2964406945,0.2645648270845413,0.1285888,24000,17.22952127456665,0.13256577
712630_5674468-lq.mp3,682.2391395672623,0.2645668387413025,0.027817575,24000,14.583032131195068,0.028677916
712632_9034501-lq.mp3,1606.1711857073296,0.2645658329129219,0.05568861,24000,21.15203619003296,0.05741094
9154_288-lq.mp3,3148.7973649476535,0.2645668387413025,0.1475753,24000,16.812413930892944,0.15213951
9155_288-lq.mp3,3057.816615401782,0.26456382125616074,0.109850936,24000,17.087520360946655,0.11324837
9156_288-lq.mp3,2981.7800998677376,0.2645658329129219,0.12516494,24000,12.443244457244873,0.12903602
9157_288-lq.mp3,2927.0078135026333,0.2645668387413025,0.087808914,24000,15.66827654838562,0.090524666
9158_288-lq.mp3,2636.605677584038,0.2645658329129219,0.15479378,24000,11.036959886550903,0.15958123
9159_288-lq.mp3,3325.751229423454,0.2645648270845413,0.19850063,24000,11.101096868515015,0.20463982
